x,y,z
-3.0,-3.0,-0.582464
-2.8983,-3.0,-0.568751
-2.7966,-3.0,-0.552001
-2.6949,-3.0,-0.532386
-2.5932,-3.0,-0.510101
-2.4915,-3.0,-0.485364
-2.3898,-3.0,-0.458414
-2.2881,-3.0,-0.429506
-2.1864,-3.0,-0.398911
-2.0847,-3.0,-0.366914
-1.9831,-3.0,-0.333808
-1.8814,-3.0,-0.299898
-1.7797,-3.0,-0.265489
-1.678,-3.0,-0.230892
-1.5763,-3.0,-0.196415
-1.4746,-3.0,-0.162366
-1.3729,-3.0,-0.129043
-1.2712,-3.0,-0.096738
-1.1695,-3.0,-0.065733
-1.0678,-3.0,-0.036296
-0.9661,-3.0,-0.008678
-0.8644,-3.0,0.016884
-0.7627,-3.0,0.040174
-0.661,-3.0,0.060996
-0.5593,-3.0,0.079175
-0.4576,-3.0,0.09456
-0.3559,-3.0,0.107023
-0.2542,-3.0,0.116462
-0.1525,-3.0,0.122797
-0.0508,-3.0,0.125978
0.0508,-3.0,0.125978
0.1525,-3.0,0.122797
0.2542,-3.0,0.116462
0.3559,-3.0,0.107023
0.4576,-3.0,0.09456
0.5593,-3.0,0.079175
0.661,-3.0,0.060996
0.7627,-3.0,0.040174
0.8644,-3.0,0.016884
0.9661,-3.0,-0.008678
1.0678,-3.0,-0.036296
1.1695,-3.0,-0.065733
1.2712,-3.0,-0.096738
1.3729,-3.0,-0.129043
1.4746,-3.0,-0.162366
1.5763,-3.0,-0.196415
1.678,-3.0,-0.230892
1.7797,-3.0,-0.265489
1.8814,-3.0,-0.299898
1.9831,-3.0,-0.333808
2.0847,-3.0,-0.366914
2.1864,-3.0,-0.398911
2.2881,-3.0,-0.429506
2.3898,-3.0,-0.458414
2.4915,-3.0,-0.485364
2.5932,-3.0,-0.510101
2.6949,-3.0,-0.532386
2.7966,-3.0,-0.552001
2.8983,-3.0,-0.568751
3.0,-3.0,-0.582464
-3.0,-2.8983,-0.568751
-2.8983,-2.8983,-0.551337
-2.7966,-2.8983,-0.530792
-2.6949,-2.8983,-0.507307
-2.5932,-2.8983,-0.481095
-2.4915,-2.8983,-0.452391
-2.3898,-2.8983,-0.421452
-2.2881,-2.8983,-0.388554
-2.1864,-2.8983,-0.353985
-2.0847,-2.8983,-0.318049
-1.9831,-2.8983,-0.28106
-1.8814,-2.8983,-0.243339
-1.7797,-2.8983,-0.205211
-1.678,-2.8983,-0.167004
-1.5763,-2.8983,-0.129043
-1.4746,-2.8983,-0.09165
-1.3729,-2.8983,-0.055142
-1.2712,-2.8983,-0.019824
-1.1695,-2.8983,0.014011
-1.0678,-2.8983,0.046081
-0.9661,-2.8983,0.076124
-0.8644,-2.8983,0.103895
-0.7627,-2.8983,0.129167
-0.661,-2.8983,0.151739
-0.5593,-2.8983,0.171429
-0.4576,-2.8983,0.18808
-0.3559,-2.8983,0.201561
-0.2542,-2.8983,0.211765
-0.1525,-2.8983,0.218613
-0.0508,-2.8983,0.22205
0.0508,-2.8983,0.22205
0.1525,-2.8983,0.218613
0.2542,-2.8983,0.211765
0.3559,-2.8983,0.201561
0.4576,-2.8983,0.18808
0.5593,-2.8983,0.171429
0.661,-2.8983,0.151739
0.7627,-2.8983,0.129167
0.8644,-2.8983,0.103895
0.9661,-2.8983,0.076124
1.0678,-2.8983,0.046081
1.1695,-2.8983,0.014011
1.2712,-2.8983,-0.019824
1.3729,-2.8983,-0.055142
1.4746,-2.8983,-0.09165
1.5763,-2.8983,-0.129043
1.678,-2.8983,-0.167004
1.7797,-2.8983,-0.205211
1.8814,-2.8983,-0.243339
1.9831,-2.8983,-0.28106
2.0847,-2.8983,-0.318049
2.1864,-2.8983,-0.353985
2.2881,-2.8983,-0.388554
2.3898,-2.8983,-0.421452
2.4915,-2.8983,-0.452391
2.5932,-2.8983,-0.481095
2.6949,-2.8983,-0.507307
2.7966,-2.8983,-0.530792
2.8983,-2.8983,-0.551337
3.0,-2.8983,-0.568751
-3.0,-2.7966,-0.552001
-2.8983,-2.7966,-0.530792
-2.7966,-2.7966,-0.506365
-2.6949,-2.7966,-0.478927
-2.5932,-2.7966,-0.448708
-2.4915,-2.7966,-0.415963
-2.3898,-2.7966,-0.380968
-2.2881,-2.7966,-0.344015
-2.1864,-2.7966,-0.305415
-2.0847,-2.7966,-0.265489
-1.9831,-2.7966,-0.22457
-1.8814,-2.7966,-0.182998
-1.7797,-2.7966,-0.141117
-1.678,-2.7966,-0.09927
-1.5763,-2.7966,-0.057802
-1.4746,-2.7966,-0.01705
-1.3729,-2.7966,0.022656
-1.2712,-2.7966,0.060996
-1.1695,-2.7966,0.097663
-1.0678,-2.7966,0.132366
-0.9661,-2.7966,0.16483
-0.8644,-2.7966,0.194803
-0.7627,-2.7966,0.22205
-0.661,-2.7966,0.246362
-0.5593,-2.7966,0.267553
-0.4576,-2.7966,0.285461
-0.3559,-2.7966,0.299952
-0.2542,-2.7966,0.310915
-0.1525,-2.7966,0.31827
-0.0508,-2.7966,0.321961
0.0508,-2.7966,0.321961
0.1525,-2.7966,0.31827
0.2542,-2.7966,0.310915
0.3559,-2.7966,0.299952
0.4576,-2.7966,0.285461
0.5593,-2.7966,0.267553
0.661,-2.7966,0.246362
0.7627,-2.7966,0.22205
0.8644,-2.7966,0.194803
0.9661,-2.7966,0.16483
1.0678,-2.7966,0.132366
1.1695,-2.7966,0.097663
1.2712,-2.7966,0.060996
1.3729,-2.7966,0.022656
1.4746,-2.7966,-0.01705
1.5763,-2.7966,-0.057802
1.678,-2.7966,-0.09927
1.7797,-2.7966,-0.141117
1.8814,-2.7966,-0.182998
1.9831,-2.7966,-0.22457
2.0847,-2.7966,-0.265489
2.1864,-2.7966,-0.305415
2.2881,-2.7966,-0.344015
2.3898,-2.7966,-0.380968
2.4915,-2.7966,-0.415963
2.5932,-2.7966,-0.448708
2.6949,-2.7966,-0.478927
2.7966,-2.7966,-0.506365
2.8983,-2.7966,-0.530792
3.0,-2.7966,-0.552001
-3.0,-2.6949,-0.532386
-2.8983,-2.6949,-0.507307
-2.7966,-2.6949,-0.478927
-2.6949,-2.6949,-0.447469
-2.5932,-2.6949,-0.413182
-2.4915,-2.6949,-0.37634
-2.3898,-2.6949,-0.337237
-2.2881,-2.6949,-0.296186
-2.1864,-2.6949,-0.253514
-2.0847,-2.6949,-0.209565
-1.9831,-2.6949,-0.164688
-1.8814,-2.6949,-0.119244
-1.7797,-2.6949,-0.073592
-1.678,-2.6949,-0.028097
-1.5763,-2.6949,0.016884
-1.4746,-2.6949,0.060996
-1.3729,-2.6949,0.103895
-1.2712,-2.6949,0.145246
-1.1695,-2.6949,0.184732
-1.0678,-2.6949,0.22205
-0.9661,-2.6949,0.256917
-0.8644,-2.6949,0.28907
-0.7627,-2.6949,0.31827
-0.661,-2.6949,0.344301
-0.5593,-2.6949,0.366972
-0.4576,-2.6949,0.386118
-0.3559,-2.6949,0.401602
-0.2542,-2.6949,0.413312
-0.1525,-2.6949,0.421166
-0.0508,-2.6949,0.425106
0.0508,-2.6949,0.425106
0.1525,-2.6949,0.421166
0.2542,-2.6949,0.413312
0.3559,-2.6949,0.401602
0.4576,-2.6949,0.386118
0.5593,-2.6949,0.366972
0.661,-2.6949,0.344301
0.7627,-2.6949,0.31827
0.8644,-2.6949,0.28907
0.9661,-2.6949,0.256917
1.0678,-2.6949,0.22205
1.1695,-2.6949,0.184732
1.2712,-2.6949,0.145246
1.3729,-2.6949,0.103895
1.4746,-2.6949,0.060996
1.5763,-2.6949,0.016884
1.678,-2.6949,-0.028097
1.7797,-2.6949,-0.073592
1.8814,-2.6949,-0.119244
1.9831,-2.6949,-0.164688
2.0847,-2.6949,-0.209565
2.1864,-2.6949,-0.253514
2.2881,-2.6949,-0.296186
2.3898,-2.6949,-0.337237
2.4915,-2.6949,-0.37634
2.5932,-2.6949,-0.413182
2.6949,-2.6949,-0.447469
2.7966,-2.6949,-0.478927
2.8983,-2.6949,-0.507307
3.0,-2.6949,-0.532386
-3.0,-2.5932,-0.510101
-2.8983,-2.5932,-0.481095
-2.7966,-2.5932,-0.448708
-2.6949,-2.5932,-0.413182
-2.5932,-2.5932,-0.374785
-2.4915,-2.5932,-0.333808
-2.3898,-2.5932,-0.290566
-2.2881,-2.5932,-0.245388
-2.1864,-2.5932,-0.198625
-2.0847,-2.5932,-0.150637
-1.9831,-2.5932,-0.101795
-1.8814,-2.5932,-0.052474
-1.7797,-2.5932,-0.003056
-1.678,-2.5932,0.046081
-1.5763,-2.5932,0.09456
-1.4746,-2.5932,0.142013
-1.3729,-2.5932,0.18808
-1.2712,-2.5932,0.232416
-1.1695,-2.5932,0.274689
-1.0678,-2.5932,0.314588
-0.9661,-2.5932,0.351821
-0.8644,-2.5932,0.386118
-0.7627,-2.5932,0.417234
-0.661,-2.5932,0.444948
-0.5593,-2.5932,0.469067
-0.4576,-2.5932,0.489422
-0.3559,-2.5932,0.505874
-0.2542,-2.5932,0.518311
-0.1525,-2.5932,0.526649
-0.0508,-2.5932,0.530832
0.0508,-2.5932,0.530832
0.1525,-2.5932,0.526649
0.2542,-2.5932,0.518311
0.3559,-2.5932,0.505874
0.4576,-2.5932,0.489422
0.5593,-2.5932,0.469067
0.661,-2.5932,0.444948
0.7627,-2.5932,0.417234
0.8644,-2.5932,0.386118
0.9661,-2.5932,0.351821
1.0678,-2.5932,0.314588
1.1695,-2.5932,0.274689
1.2712,-2.5932,0.232416
1.3729,-2.5932,0.18808
1.4746,-2.5932,0.142013
1.5763,-2.5932,0.09456
1.678,-2.5932,0.046081
1.7797,-2.5932,-0.003056
1.8814,-2.5932,-0.052474
1.9831,-2.5932,-0.101795
2.0847,-2.5932,-0.150637
2.1864,-2.5932,-0.198625
2.2881,-2.5932,-0.245388
2.3898,-2.5932,-0.290566
2.4915,-2.5932,-0.333808
2.5932,-2.5932,-0.374785
2.6949,-2.5932,-0.413182
2.7966,-2.5932,-0.448708
2.8983,-2.5932,-0.481095
3.0,-2.5932,-0.510101
-3.0,-2.4915,-0.485364
-2.8983,-2.4915,-0.452391
-2.7966,-2.4915,-0.415963
-2.6949,-2.4915,-0.37634
-2.5932,-2.4915,-0.333808
-2.4915,-2.4915,-0.288678
-2.3898,-2.4915,-0.241283
-2.2881,-2.4915,-0.191973
-2.1864,-2.4915,-0.141117
-2.0847,-2.4915,-0.089094
-1.9831,-2.4915,-0.036296
-1.8814,-2.4915,0.016884
-1.7797,-2.4915,0.070047
-1.678,-2.4915,0.122797
-1.5763,-2.4915,0.174741
-1.4746,-2.4915,0.225496
-1.3729,-2.4915,0.274689
-1.2712,-2.4915,0.321961
-1.1695,-2.4915,0.366972
-1.0678,-2.4915,0.4094
-0.9661,-2.4915,0.448945
-0.8644,-2.4915,0.485332
-0.7627,-2.4915,0.518311
-0.661,-2.4915,0.547658
-0.5593,-2.4915,0.573177
-0.4576,-2.4915,0.594699
-0.3559,-2.4915,0.612085
-0.2542,-2.4915,0.625222
-0.1525,-2.4915,0.634026
-0.0508,-2.4915,0.638442
0.0508,-2.4915,0.638442
0.1525,-2.4915,0.634026
0.2542,-2.4915,0.625222
0.3559,-2.4915,0.612085
0.4576,-2.4915,0.594699
0.5593,-2.4915,0.573177
0.661,-2.4915,0.547658
0.7627,-2.4915,0.518311
0.8644,-2.4915,0.485332
0.9661,-2.4915,0.448945
1.0678,-2.4915,0.4094
1.1695,-2.4915,0.366972
1.2712,-2.4915,0.321961
1.3729,-2.4915,0.274689
1.4746,-2.4915,0.225496
1.5763,-2.4915,0.174741
1.678,-2.4915,0.122797
1.7797,-2.4915,0.070047
1.8814,-2.4915,0.016884
1.9831,-2.4915,-0.036296
2.0847,-2.4915,-0.089094
2.1864,-2.4915,-0.141117
2.2881,-2.4915,-0.191973
2.3898,-2.4915,-0.241283
2.4915,-2.4915,-0.288678
2.5932,-2.4915,-0.333808
2.6949,-2.4915,-0.37634
2.7966,-2.4915,-0.415963
2.8983,-2.4915,-0.452391
3.0,-2.4915,-0.485364
-3.0,-2.3898,-0.458414
-2.8983,-2.3898,-0.421452
-2.7966,-2.3898,-0.380968
-2.6949,-2.3898,-0.337237
-2.5932,-2.3898,-0.290566
-2.4915,-2.3898,-0.241283
-2.3898,-2.3898,-0.18974
-2.2881,-2.3898,-0.13631
-2.1864,-2.3898,-0.081379
-2.0847,-2.3898,-0.025347
-1.9831,-2.3898,0.031378
-1.8814,-2.3898,0.088381
-1.7797,-2.3898,0.145246
-1.678,-2.3898,0.201561
-1.5763,-2.3898,0.256917
-1.4746,-2.3898,0.310915
-1.3729,-2.3898,0.36317
-1.2712,-2.3898,0.413312
-1.1695,-2.3898,0.46099
-1.0678,-2.3898,0.505874
-0.9661,-2.3898,0.547658
-0.8644,-2.3898,0.586062
-0.7627,-2.3898,0.620833
-0.661,-2.3898,0.651746
-0.5593,-2.3898,0.678604
-0.4576,-2.3898,0.701239
-0.3559,-2.3898,0.719512
-0.2542,-2.3898,0.733313
-0.1525,-2.3898,0.74256
-0.0508,-2.3898,0.747196
0.0508,-2.3898,0.747196
0.1525,-2.3898,0.74256
0.2542,-2.3898,0.733313
0.3559,-2.3898,0.719512
0.4576,-2.3898,0.701239
0.5593,-2.3898,0.678604
0.661,-2.3898,0.651746
0.7627,-2.3898,0.620833
0.8644,-2.3898,0.586062
0.9661,-2.3898,0.547658
1.0678,-2.3898,0.505874
1.1695,-2.3898,0.46099
1.2712,-2.3898,0.413312
1.3729,-2.3898,0.36317
1.4746,-2.3898,0.310915
1.5763,-2.3898,0.256917
1.678,-2.3898,0.201561
1.7797,-2.3898,0.145246
1.8814,-2.3898,0.088381
1.9831,-2.3898,0.031378
2.0847,-2.3898,-0.025347
2.1864,-2.3898,-0.081379
2.2881,-2.3898,-0.13631
2.3898,-2.3898,-0.18974
2.4915,-2.3898,-0.241283
2.5932,-2.3898,-0.290566
2.6949,-2.3898,-0.337237
2.7966,-2.3898,-0.380968
2.8983,-2.3898,-0.421452
3.0,-2.3898,-0.458414
-3.0,-2.2881,-0.429506
-2.8983,-2.2881,-0.388554
-2.7966,-2.2881,-0.344015
-2.6949,-2.2881,-0.296186
-2.5932,-2.2881,-0.245388
-2.4915,-2.2881,-0.191973
-2.3898,-2.2881,-0.13631
-2.2881,-2.2881,-0.078792
-2.1864,-2.2881,-0.019824
-2.0847,-2.2881,0.040174
-1.9831,-2.2881,0.100775
-1.8814,-2.2881,0.161544
-1.7797,-2.2881,0.22205
-1.678,-2.2881,0.281861
-1.5763,-2.2881,0.340555
-1.4746,-2.2881,0.397717
-1.3729,-2.2881,0.452951
-1.2712,-2.2881,0.505874
-1.1695,-2.2881,0.556127
-1.0678,-2.2881,0.603373
-0.9661,-2.2881,0.647302
-0.8644,-2.2881,0.68763
-0.7627,-2.2881,0.724104
-0.661,-2.2881,0.756497
-0.5593,-2.2881,0.784616
-0.4576,-2.2881,0.808294
-0.3559,-2.2881,0.827397
-0.2542,-2.2881,0.841816
-0.1525,-2.2881,0.851473
-0.0508,-2.2881,0.856315
0.0508,-2.2881,0.856315
0.1525,-2.2881,0.851473
0.2542,-2.2881,0.841816
0.3559,-2.2881,0.827397
0.4576,-2.2881,0.808294
0.5593,-2.2881,0.784616
0.661,-2.2881,0.756497
0.7627,-2.2881,0.724104
0.8644,-2.2881,0.68763
0.9661,-2.2881,0.647302
1.0678,-2.2881,0.603373
1.1695,-2.2881,0.556127
1.2712,-2.2881,0.505874
1.3729,-2.2881,0.452951
1.4746,-2.2881,0.397717
1.5763,-2.2881,0.340555
1.678,-2.2881,0.281861
1.7797,-2.2881,0.22205
1.8814,-2.2881,0.161544
1.9831,-2.2881,0.100775
2.0847,-2.2881,0.040174
2.1864,-2.2881,-0.019824
2.2881,-2.2881,-0.078792
2.3898,-2.2881,-0.13631
2.4915,-2.2881,-0.191973
2.5932,-2.2881,-0.245388
2.6949,-2.2881,-0.296186
2.7966,-2.2881,-0.344015
2.8983,-2.2881,-0.388554
3.0,-2.2881,-0.429506
-3.0,-2.1864,-0.398911
-2.8983,-2.1864,-0.353985
-2.7966,-2.1864,-0.305415
-2.6949,-2.1864,-0.253514
-2.5932,-2.1864,-0.198625
-2.4915,-2.1864,-0.141117
-2.3898,-2.1864,-0.081379
-2.2881,-2.1864,-0.019824
-2.1864,-2.1864,0.043124
-2.0847,-2.1864,0.107023
-1.9831,-2.1864,0.171429
-1.8814,-2.1864,0.235889
-1.7797,-2.1864,0.299952
-1.678,-2.1864,0.36317
-1.5763,-2.1864,0.425106
-1.4746,-2.1864,0.485332
-1.3729,-2.1864,0.543437
-1.2712,-2.1864,0.599031
-1.1695,-2.1864,0.651746
-1.0678,-2.1864,0.701239
-0.9661,-2.1864,0.747196
-0.8644,-2.1864,0.789333
-0.7627,-2.1864,0.827397
-0.661,-2.1864,0.861165
-0.5593,-2.1864,0.890447
-0.4576,-2.1864,0.915082
-0.3559,-2.1864,0.934942
-0.2542,-2.1864,0.949923
-0.1525,-2.1864,0.959952
-0.0508,-2.1864,0.964978
0.0508,-2.1864,0.964978
0.1525,-2.1864,0.959952
0.2542,-2.1864,0.949923
0.3559,-2.1864,0.934942
0.4576,-2.1864,0.915082
0.5593,-2.1864,0.890447
0.661,-2.1864,0.861165
0.7627,-2.1864,0.827397
0.8644,-2.1864,0.789333
0.9661,-2.1864,0.747196
1.0678,-2.1864,0.701239
1.1695,-2.1864,0.651746
1.2712,-2.1864,0.599031
1.3729,-2.1864,0.543437
1.4746,-2.1864,0.485332
1.5763,-2.1864,0.425106
1.678,-2.1864,0.36317
1.7797,-2.1864,0.299952
1.8814,-2.1864,0.235889
1.9831,-2.1864,0.171429
2.0847,-2.1864,0.107023
2.1864,-2.1864,0.043124
2.2881,-2.1864,-0.019824
2.3898,-2.1864,-0.081379
2.4915,-2.1864,-0.141117
2.5932,-2.1864,-0.198625
2.6949,-2.1864,-0.253514
2.7966,-2.1864,-0.305415
2.8983,-2.1864,-0.353985
3.0,-2.1864,-0.398911
-3.0,-2.0847,-0.366914
-2.8983,-2.0847,-0.318049
-2.7966,-2.0847,-0.265489
-2.6949,-2.0847,-0.209565
-2.5932,-2.0847,-0.150637
-2.4915,-2.0847,-0.089094
-2.3898,-2.0847,-0.025347
-2.2881,-2.0847,0.040174
-2.1864,-2.0847,0.107023
-2.0847,-2.0847,0.174741
-1.9831,-2.0847,0.242862
-1.8814,-2.0847,0.310915
-1.7797,-2.0847,0.378432
-1.678,-2.0847,0.444948
-1.5763,-2.0847,0.51001
-1.4746,-2.0847,0.573177
-1.3729,-2.0847,0.634026
-1.2712,-2.0847,0.692157
-1.1695,-2.0847,0.747196
-1.0678,-2.0847,0.798796
-0.9661,-2.0847,0.846641
-0.8644,-2.0847,0.890447
-0.7627,-2.0847,0.929965
-0.661,-2.0847,0.964978
-0.5593,-2.0847,0.995304
-0.4576,-2.0847,1.020791
-0.3559,-2.0847,1.041318
-0.2542,-2.0847,1.056791
-0.1525,-2.0847,1.067143
-0.0508,-2.0847,1.072329
0.0508,-2.0847,1.072329
0.1525,-2.0847,1.067143
0.2542,-2.0847,1.056791
0.3559,-2.0847,1.041318
0.4576,-2.0847,1.020791
0.5593,-2.0847,0.995304
0.661,-2.0847,0.964978
0.7627,-2.0847,0.929965
0.8644,-2.0847,0.890447
0.9661,-2.0847,0.846641
1.0678,-2.0847,0.798796
1.1695,-2.0847,0.747196
1.2712,-2.0847,0.692157
1.3729,-2.0847,0.634026
1.4746,-2.0847,0.573177
1.5763,-2.0847,0.51001
1.678,-2.0847,0.444948
1.7797,-2.0847,0.378432
1.8814,-2.0847,0.310915
1.9831,-2.0847,0.242862
2.0847,-2.0847,0.174741
2.1864,-2.0847,0.107023
2.2881,-2.0847,0.040174
2.3898,-2.0847,-0.025347
2.4915,-2.0847,-0.089094
2.5932,-2.0847,-0.150637
2.6949,-2.0847,-0.209565
2.7966,-2.0847,-0.265489
2.8983,-2.0847,-0.318049
3.0,-2.0847,-0.366914
-3.0,-1.9831,-0.333808
-2.8983,-1.9831,-0.28106
-2.7966,-1.9831,-0.22457
-2.6949,-1.9831,-0.164688
-2.5932,-1.9831,-0.101795
-2.4915,-1.9831,-0.036296
-2.3898,-1.9831,0.031378
-2.2881,-1.9831,0.100775
-2.1864,-1.9831,0.171429
-2.0847,-1.9831,0.242862
-1.9831,-1.9831,0.314588
-1.8814,-1.9831,0.386118
-1.7797,-1.9831,0.456966
-1.678,-1.9831,0.526649
-1.5763,-1.9831,0.594699
-1.4746,-1.9831,0.660662
-1.3729,-1.9831,0.724104
-1.2712,-1.9831,0.784616
-1.1695,-1.9831,0.841816
-1.0678,-1.9831,0.895357
-0.9661,-1.9831,0.944921
-0.8644,-1.9831,0.99023
-0.7627,-1.9831,1.031039
-0.661,-1.9831,1.067143
-0.5593,-1.9831,1.098368
-0.4576,-1.9831,1.124578
-0.3559,-1.9831,1.145662
-0.2542,-1.9831,1.161542
-0.1525,-1.9831,1.172158
-0.0508,-1.9831,1.177475
0.0508,-1.9831,1.177475
0.1525,-1.9831,1.172158
0.2542,-1.9831,1.161542
0.3559,-1.9831,1.145662
0.4576,-1.9831,1.124578
0.5593,-1.9831,1.098368
0.661,-1.9831,1.067143
0.7627,-1.9831,1.031039
0.8644,-1.9831,0.99023
0.9661,-1.9831,0.944921
1.0678,-1.9831,0.895357
1.1695,-1.9831,0.841816
1.2712,-1.9831,0.784616
1.3729,-1.9831,0.724104
1.4746,-1.9831,0.660662
1.5763,-1.9831,0.594699
1.678,-1.9831,0.526649
1.7797,-1.9831,0.456966
1.8814,-1.9831,0.386118
1.9831,-1.9831,0.314588
2.0847,-1.9831,0.242862
2.1864,-1.9831,0.171429
2.2881,-1.9831,0.100775
2.3898,-1.9831,0.031378
2.4915,-1.9831,-0.036296
2.5932,-1.9831,-0.101795
2.6949,-1.9831,-0.164688
2.7966,-1.9831,-0.22457
2.8983,-1.9831,-0.28106
3.0,-1.9831,-0.333808
-3.0,-1.8814,-0.299898
-2.8983,-1.8814,-0.243339
-2.7966,-1.8814,-0.182998
-2.6949,-1.8814,-0.119244
-2.5932,-1.8814,-0.052474
-2.4915,-1.8814,0.016884
-2.3898,-1.8814,0.088381
-2.2881,-1.8814,0.161544
-2.1864,-1.8814,0.235889
-2.0847,-1.8814,0.310915
-1.9831,-1.8814,0.386118
-1.8814,-1.8814,0.46099
-1.7797,-1.8814,0.535025
-1.678,-1.8814,0.607724
-1.5763,-1.8814,0.678604
-1.4746,-1.8814,0.747196
-1.3729,-1.8814,0.813057
-1.2712,-1.8814,0.875767
-1.1695,-1.8814,0.934942
-1.0678,-1.8814,0.99023
-0.9661,-1.8814,1.041318
-0.8644,-1.8814,1.087932
-0.7627,-1.8814,1.129839
-0.661,-1.8814,1.166847
-0.5593,-1.8814,1.198799
-0.4576,-1.8814,1.225574
-0.3559,-1.8814,1.247084
-0.2542,-1.8814,1.263264
-0.1525,-1.8814,1.274072
-0.0508,-1.8814,1.279481
0.0508,-1.8814,1.279481
0.1525,-1.8814,1.274072
0.2542,-1.8814,1.263264
0.3559,-1.8814,1.247084
0.4576,-1.8814,1.225574
0.5593,-1.8814,1.198799
0.661,-1.8814,1.166847
0.7627,-1.8814,1.129839
0.8644,-1.8814,1.087932
0.9661,-1.8814,1.041318
1.0678,-1.8814,0.99023
1.1695,-1.8814,0.934942
1.2712,-1.8814,0.875767
1.3729,-1.8814,0.813057
1.4746,-1.8814,0.747196
1.5763,-1.8814,0.678604
1.678,-1.8814,0.607724
1.7797,-1.8814,0.535025
1.8814,-1.8814,0.46099
1.9831,-1.8814,0.386118
2.0847,-1.8814,0.310915
2.1864,-1.8814,0.235889
2.2881,-1.8814,0.161544
2.3898,-1.8814,0.088381
2.4915,-1.8814,0.016884
2.5932,-1.8814,-0.052474
2.6949,-1.8814,-0.119244
2.7966,-1.8814,-0.182998
2.8983,-1.8814,-0.243339
3.0,-1.8814,-0.299898
-3.0,-1.7797,-0.265489
-2.8983,-1.7797,-0.205211
-2.7966,-1.7797,-0.141117
-2.6949,-1.7797,-0.073592
-2.5932,-1.7797,-0.003056
-2.4915,-1.7797,0.070047
-2.3898,-1.7797,0.145246
-2.2881,-1.7797,0.22205
-2.1864,-1.7797,0.299952
-2.0847,-1.7797,0.378432
-1.9831,-1.7797,0.456966
-1.8814,-1.7797,0.535025
-1.7797,-1.7797,0.612085
-1.678,-1.7797,0.68763
-1.5763,-1.7797,0.761161
-1.4746,-1.7797,0.832195
-1.3729,-1.7797,0.900276
-1.2712,-1.7797,0.964978
-1.1695,-1.7797,1.025911
-1.0678,-1.7797,1.082724
-0.9661,-1.7797,1.135107
-0.8644,-1.7797,1.182797
-0.7627,-1.7797,1.225574
-0.661,-1.7797,1.263264
-0.5593,-1.7797,1.295733
-0.4576,-1.7797,1.322886
-0.3559,-1.7797,1.344659
-0.2542,-1.7797,1.361011
-0.1525,-1.7797,1.371921
-0.0508,-1.7797,1.377378
0.0508,-1.7797,1.377378
0.1525,-1.7797,1.371921
0.2542,-1.7797,1.361011
0.3559,-1.7797,1.344659
0.4576,-1.7797,1.322886
0.5593,-1.7797,1.295733
0.661,-1.7797,1.263264
0.7627,-1.7797,1.225574
0.8644,-1.7797,1.182797
0.9661,-1.7797,1.135107
1.0678,-1.7797,1.082724
1.1695,-1.7797,1.025911
1.2712,-1.7797,0.964978
1.3729,-1.7797,0.900276
1.4746,-1.7797,0.832195
1.5763,-1.7797,0.761161
1.678,-1.7797,0.68763
1.7797,-1.7797,0.612085
1.8814,-1.7797,0.535025
1.9831,-1.7797,0.456966
2.0847,-1.7797,0.378432
2.1864,-1.7797,0.299952
2.2881,-1.7797,0.22205
2.3898,-1.7797,0.145246
2.4915,-1.7797,0.070047
2.5932,-1.7797,-0.003056
2.6949,-1.7797,-0.073592
2.7966,-1.7797,-0.141117
2.8983,-1.7797,-0.205211
3.0,-1.7797,-0.265489
-3.0,-1.678,-0.230892
-2.8983,-1.678,-0.167004
-2.7966,-1.678,-0.09927
-2.6949,-1.678,-0.028097
-2.5932,-1.678,0.046081
-2.4915,-1.678,0.122797
-2.3898,-1.678,0.201561
-2.2881,-1.678,0.281861
-2.1864,-1.678,0.36317
-2.0847,-1.678,0.444948
-1.9831,-1.678,0.526649
-1.8814,-1.678,0.607724
-1.7797,-1.678,0.68763
-1.678,-1.678,0.765834
-1.5763,-1.678,0.841816
-1.4746,-1.678,0.915082
-1.3729,-1.678,0.985164
-1.2712,-1.678,1.051626
-1.1695,-1.678,1.114074
-1.0678,-1.678,1.172158
-0.9661,-1.678,1.225574
-0.8644,-1.678,1.274072
-0.7627,-1.678,1.31745
-0.661,-1.678,1.355559
-0.5593,-1.678,1.388295
-0.4576,-1.678,1.415596
-0.3559,-1.678,1.437433
-0.2542,-1.678,1.453799
-0.1525,-1.678,1.4647
-0.0508,-1.678,1.470147
0.0508,-1.678,1.470147
0.1525,-1.678,1.4647
0.2542,-1.678,1.453799
0.3559,-1.678,1.437433
0.4576,-1.678,1.415596
0.5593,-1.678,1.388295
0.661,-1.678,1.355559
0.7627,-1.678,1.31745
0.8644,-1.678,1.274072
0.9661,-1.678,1.225574
1.0678,-1.678,1.172158
1.1695,-1.678,1.114074
1.2712,-1.678,1.051626
1.3729,-1.678,0.985164
1.4746,-1.678,0.915082
1.5763,-1.678,0.841816
1.678,-1.678,0.765834
1.7797,-1.678,0.68763
1.8814,-1.678,0.607724
1.9831,-1.678,0.526649
2.0847,-1.678,0.444948
2.1864,-1.678,0.36317
2.2881,-1.678,0.281861
2.3898,-1.678,0.201561
2.4915,-1.678,0.122797
2.5932,-1.678,0.046081
2.6949,-1.678,-0.028097
2.7966,-1.678,-0.09927
2.8983,-1.678,-0.167004
3.0,-1.678,-0.230892
-3.0,-1.5763,-0.196415
-2.8983,-1.5763,-0.129043
-2.7966,-1.5763,-0.057802
-2.6949,-1.5763,0.016884
-2.5932,-1.5763,0.09456
-2.4915,-1.5763,0.174741
-2.3898,-1.5763,0.256917
-2.2881,-1.5763,0.340555
-2.1864,-1.5763,0.425106
-2.0847,-1.5763,0.51001
-1.9831,-1.5763,0.594699
-1.8814,-1.5763,0.678604
-1.7797,-1.5763,0.761161
-1.678,-1.5763,0.841816
-1.5763,-1.5763,0.920035
-1.4746,-1.5763,0.995304
-1.3729,-1.5763,1.067143
-1.2712,-1.5763,1.135107
-1.1695,-1.5763,1.198799
-1.0678,-1.5763,1.257866
-0.9661,-1.5763,1.312016
-0.8644,-1.5763,1.361011
-0.7627,-1.5763,1.404675
-0.661,-1.5763,1.44289
-0.5593,-1.5763,1.475591
-0.4576,-1.5763,1.502761
-0.3559,-1.5763,1.524418
-0.2542,-1.5763,1.5406
-0.1525,-1.5763,1.551354
-0.0508,-1.5763,1.55672
0.0508,-1.5763,1.55672
0.1525,-1.5763,1.551354
0.2542,-1.5763,1.5406
0.3559,-1.5763,1.524418
0.4576,-1.5763,1.502761
0.5593,-1.5763,1.475591
0.661,-1.5763,1.44289
0.7627,-1.5763,1.404675
0.8644,-1.5763,1.361011
0.9661,-1.5763,1.312016
1.0678,-1.5763,1.257866
1.1695,-1.5763,1.198799
1.2712,-1.5763,1.135107
1.3729,-1.5763,1.067143
1.4746,-1.5763,0.995304
1.5763,-1.5763,0.920035
1.678,-1.5763,0.841816
1.7797,-1.5763,0.761161
1.8814,-1.5763,0.678604
1.9831,-1.5763,0.594699
2.0847,-1.5763,0.51001
2.1864,-1.5763,0.425106
2.2881,-1.5763,0.340555
2.3898,-1.5763,0.256917
2.4915,-1.5763,0.174741
2.5932,-1.5763,0.09456
2.6949,-1.5763,0.016884
2.7966,-1.5763,-0.057802
2.8983,-1.5763,-0.129043
3.0,-1.5763,-0.196415
-3.0,-1.4746,-0.162366
-2.8983,-1.4746,-0.09165
-2.7966,-1.4746,-0.01705
-2.6949,-1.4746,0.060996
-2.5932,-1.4746,0.142013
-2.4915,-1.4746,0.225496
-2.3898,-1.4746,0.310915
-2.2881,-1.4746,0.397717
-2.1864,-1.4746,0.485332
-2.0847,-1.4746,0.573177
-1.9831,-1.4746,0.660662
-1.8814,-1.4746,0.747196
-1.7797,-1.4746,0.832195
-1.678,-1.4746,0.915082
-1.5763,-1.4746,0.995304
-1.4746,-1.4746,1.072329
-1.3729,-1.4746,1.145662
-1.2712,-1.4746,1.214848
-1.1695,-1.4746,1.279481
-1.0678,-1.4746,1.339212
-0.9661,-1.4746,1.393754
-0.8644,-1.4746,1.44289
-0.7627,-1.4746,1.48647
-0.661,-1.4746,1.524418
-0.5593,-1.4746,1.55672
-0.4576,-1.4746,1.583416
-0.3559,-1.4746,1.604589
-0.2542,-1.4746,1.62034
-0.1525,-1.4746,1.630771
-0.0508,-1.4746,1.635964
0.0508,-1.4746,1.635964
0.1525,-1.4746,1.630771
0.2542,-1.4746,1.62034
0.3559,-1.4746,1.604589
0.4576,-1.4746,1.583416
0.5593,-1.4746,1.55672
0.661,-1.4746,1.524418
0.7627,-1.4746,1.48647
0.8644,-1.4746,1.44289
0.9661,-1.4746,1.393754
1.0678,-1.4746,1.339212
1.1695,-1.4746,1.279481
1.2712,-1.4746,1.214848
1.3729,-1.4746,1.145662
1.4746,-1.4746,1.072329
1.5763,-1.4746,0.995304
1.678,-1.4746,0.915082
1.7797,-1.4746,0.832195
1.8814,-1.4746,0.747196
1.9831,-1.4746,0.660662
2.0847,-1.4746,0.573177
2.1864,-1.4746,0.485332
2.2881,-1.4746,0.397717
2.3898,-1.4746,0.310915
2.4915,-1.4746,0.225496
2.5932,-1.4746,0.142013
2.6949,-1.4746,0.060996
2.7966,-1.4746,-0.01705
2.8983,-1.4746,-0.09165
3.0,-1.4746,-0.162366
-3.0,-1.3729,-0.129043
-2.8983,-1.3729,-0.055142
-2.7966,-1.3729,0.022656
-2.6949,-1.3729,0.103895
-2.5932,-1.3729,0.18808
-2.4915,-1.3729,0.274689
-2.3898,-1.3729,0.36317
-2.2881,-1.3729,0.452951
-2.1864,-1.3729,0.543437
-2.0847,-1.3729,0.634026
-1.9831,-1.3729,0.724104
-1.8814,-1.3729,0.813057
-1.7797,-1.3729,0.900276
-1.678,-1.3729,0.985164
-1.5763,-1.3729,1.067143
-1.4746,-1.3729,1.145662
-1.3729,-1.3729,1.220209
-1.2712,-1.3729,1.290312
-1.1695,-1.3729,1.355559
-1.0678,-1.3729,1.415596
-0.9661,-1.3729,1.470147
-0.8644,-1.3729,1.519012
-0.7627,-1.3729,1.562077
-0.661,-1.3729,1.599313
-0.5593,-1.3729,1.630771
-0.4576,-1.3729,1.65657
-0.3559,-1.3729,1.676877
-0.2542,-1.3729,1.691881
-0.1525,-1.3729,1.701764
-0.0508,-1.3729,1.706666
0.0508,-1.3729,1.706666
0.1525,-1.3729,1.701764
0.2542,-1.3729,1.691881
0.3559,-1.3729,1.676877
0.4576,-1.3729,1.65657
0.5593,-1.3729,1.630771
0.661,-1.3729,1.599313
0.7627,-1.3729,1.562077
0.8644,-1.3729,1.519012
0.9661,-1.3729,1.470147
1.0678,-1.3729,1.415596
1.1695,-1.3729,1.355559
1.2712,-1.3729,1.290312
1.3729,-1.3729,1.220209
1.4746,-1.3729,1.145662
1.5763,-1.3729,1.067143
1.678,-1.3729,0.985164
1.7797,-1.3729,0.900276
1.8814,-1.3729,0.813057
1.9831,-1.3729,0.724104
2.0847,-1.3729,0.634026
2.1864,-1.3729,0.543437
2.2881,-1.3729,0.452951
2.3898,-1.3729,0.36317
2.4915,-1.3729,0.274689
2.5932,-1.3729,0.18808
2.6949,-1.3729,0.103895
2.7966,-1.3729,0.022656
2.8983,-1.3729,-0.055142
3.0,-1.3729,-0.129043
-3.0,-1.2712,-0.096738
-2.8983,-1.2712,-0.019824
-2.7966,-1.2712,0.060996
-2.6949,-1.2712,0.145246
-2.5932,-1.2712,0.232416
-2.4915,-1.2712,0.321961
-2.3898,-1.2712,0.413312
-2.2881,-1.2712,0.505874
-2.1864,-1.2712,0.599031
-2.0847,-1.2712,0.692157
-1.9831,-1.2712,0.784616
-1.8814,-1.2712,0.875767
-1.7797,-1.2712,0.964978
-1.678,-1.2712,1.051626
-1.5763,-1.2712,1.135107
-1.4746,-1.2712,1.214848
-1.3729,-1.2712,1.290312
-1.2712,-1.2712,1.361011
-1.1695,-1.2712,1.426516
-1.0678,-1.2712,1.48647
-0.9661,-1.2712,1.5406
-0.8644,-1.2712,1.588726
-0.7627,-1.2712,1.630771
-0.661,-1.2712,1.666764
-0.5593,-1.2712,1.696835
-0.4576,-1.2712,1.721206
-0.3559,-1.2712,1.740161
-0.2542,-1.2712,1.754011
-0.1525,-1.2712,1.76305
-0.0508,-1.2712,1.767506
0.0508,-1.2712,1.767506
0.1525,-1.2712,1.76305
0.2542,-1.2712,1.754011
0.3559,-1.2712,1.740161
0.4576,-1.2712,1.721206
0.5593,-1.2712,1.696835
0.661,-1.2712,1.666764
0.7627,-1.2712,1.630771
0.8644,-1.2712,1.588726
0.9661,-1.2712,1.5406
1.0678,-1.2712,1.48647
1.1695,-1.2712,1.426516
1.2712,-1.2712,1.361011
1.3729,-1.2712,1.290312
1.4746,-1.2712,1.214848
1.5763,-1.2712,1.135107
1.678,-1.2712,1.051626
1.7797,-1.2712,0.964978
1.8814,-1.2712,0.875767
1.9831,-1.2712,0.784616
2.0847,-1.2712,0.692157
2.1864,-1.2712,0.599031
2.2881,-1.2712,0.505874
2.3898,-1.2712,0.413312
2.4915,-1.2712,0.321961
2.5932,-1.2712,0.232416
2.6949,-1.2712,0.145246
2.7966,-1.2712,0.060996
2.8983,-1.2712,-0.019824
3.0,-1.2712,-0.096738
-3.0,-1.1695,-0.065733
-2.8983,-1.1695,0.014011
-2.7966,-1.1695,0.097663
-2.6949,-1.1695,0.184732
-2.5932,-1.1695,0.274689
-2.4915,-1.1695,0.366972
-2.3898,-1.1695,0.46099
-2.2881,-1.1695,0.556127
-2.1864,-1.1695,0.651746
-2.0847,-1.1695,0.747196
-1.9831,-1.1695,0.841816
-1.8814,-1.1695,0.934942
-1.7797,-1.1695,1.025911
-1.678,-1.1695,1.114074
-1.5763,-1.1695,1.198799
-1.4746,-1.1695,1.279481
-1.3729,-1.1695,1.355559
-1.2712,-1.1695,1.426516
-1.1695,-1.1695,1.491905
-1.0678,-1.1695,1.551354
-0.9661,-1.1695,1.604589
-0.8644,-1.1695,1.651444
-0.7627,-1.1695,1.691881
-0.661,-1.1695,1.725993
-0.5593,-1.1695,1.754011
-0.4576,-1.1695,1.776285
-0.3559,-1.1695,1.79326
-0.2542,-1.1695,1.805417
-0.1525,-1.1695,1.813216
-0.0508,-1.1695,1.817017
0.0508,-1.1695,1.817017
0.1525,-1.1695,1.813216
0.2542,-1.1695,1.805417
0.3559,-1.1695,1.79326
0.4576,-1.1695,1.776285
0.5593,-1.1695,1.754011
0.661,-1.1695,1.725993
0.7627,-1.1695,1.691881
0.8644,-1.1695,1.651444
0.9661,-1.1695,1.604589
1.0678,-1.1695,1.551354
1.1695,-1.1695,1.491905
1.2712,-1.1695,1.426516
1.3729,-1.1695,1.355559
1.4746,-1.1695,1.279481
1.5763,-1.1695,1.198799
1.678,-1.1695,1.114074
1.7797,-1.1695,1.025911
1.8814,-1.1695,0.934942
1.9831,-1.1695,0.841816
2.0847,-1.1695,0.747196
2.1864,-1.1695,0.651746
2.2881,-1.1695,0.556127
2.3898,-1.1695,0.46099
2.4915,-1.1695,0.366972
2.5932,-1.1695,0.274689
2.6949,-1.1695,0.184732
2.7966,-1.1695,0.097663
2.8983,-1.1695,0.014011
3.0,-1.1695,-0.065733
-3.0,-1.0678,-0.036296
-2.8983,-1.0678,0.046081
-2.7966,-1.0678,0.132366
-2.6949,-1.0678,0.22205
-2.5932,-1.0678,0.314588
-2.4915,-1.0678,0.4094
-2.3898,-1.0678,0.505874
-2.2881,-1.0678,0.603373
-2.1864,-1.0678,0.701239
-2.0847,-1.0678,0.798796
-1.9831,-1.0678,0.895357
-1.8814,-1.0678,0.99023
-1.7797,-1.0678,1.082724
-1.678,-1.0678,1.172158
-1.5763,-1.0678,1.257866
-1.4746,-1.0678,1.339212
-1.3729,-1.0678,1.415596
-1.2712,-1.0678,1.48647
-1.1695,-1.0678,1.551354
-1.0678,-1.0678,1.609852
-0.9661,-1.0678,1.661676
-0.8644,-1.0678,1.706666
-0.7627,-1.0678,1.744815
-0.661,-1.0678,1.776285
-0.5593,-1.0678,1.801423
-0.4576,-1.0678,1.820748
-0.3559,-1.0678,1.834916
-0.2542,-1.0678,1.844658
-0.1525,-1.0678,1.850676
-0.0508,-1.0678,1.853529
0.0508,-1.0678,1.853529
0.1525,-1.0678,1.850676
0.2542,-1.0678,1.844658
0.3559,-1.0678,1.834916
0.4576,-1.0678,1.820748
0.5593,-1.0678,1.801423
0.661,-1.0678,1.776285
0.7627,-1.0678,1.744815
0.8644,-1.0678,1.706666
0.9661,-1.0678,1.661676
1.0678,-1.0678,1.609852
1.1695,-1.0678,1.551354
1.2712,-1.0678,1.48647
1.3729,-1.0678,1.415596
1.4746,-1.0678,1.339212
1.5763,-1.0678,1.257866
1.678,-1.0678,1.172158
1.7797,-1.0678,1.082724
1.8814,-1.0678,0.99023
1.9831,-1.0678,0.895357
2.0847,-1.0678,0.798796
2.1864,-1.0678,0.701239
2.2881,-1.0678,0.603373
2.3898,-1.0678,0.505874
2.4915,-1.0678,0.4094
2.5932,-1.0678,0.314588
2.6949,-1.0678,0.22205
2.7966,-1.0678,0.132366
2.8983,-1.0678,0.046081
3.0,-1.0678,-0.036296
-3.0,-0.9661,-0.008678
-2.8983,-0.9661,0.076124
-2.7966,-0.9661,0.16483
-2.6949,-0.9661,0.256917
-2.5932,-0.9661,0.351821
-2.4915,-0.9661,0.448945
-2.3898,-0.9661,0.547658
-2.2881,-0.9661,0.647302
-2.1864,-0.9661,0.747196
-2.0847,-0.9661,0.846641
-1.9831,-0.9661,0.944921
-1.8814,-0.9661,1.041318
-1.7797,-0.9661,1.135107
-1.678,-0.9661,1.225574
-1.5763,-0.9661,1.312016
-1.4746,-0.9661,1.393754
-1.3729,-0.9661,1.470147
-1.2712,-0.9661,1.5406
-1.1695,-0.9661,1.604589
-1.0678,-0.9661,1.661676
-0.9661,-0.9661,1.711542
-0.8644,-0.9661,1.754011
-0.7627,-0.9661,1.789094
-0.661,-0.9661,1.817017
-0.5593,-0.9661,1.838253
-0.4576,-0.9661,1.853529
-0.3559,-0.9661,1.86379
-0.2542,-0.9661,1.87012
-0.1525,-0.9661,1.873593
-0.0508,-0.9661,1.875082
0.0508,-0.9661,1.875082
0.1525,-0.9661,1.873593
0.2542,-0.9661,1.87012
0.3559,-0.9661,1.86379
0.4576,-0.9661,1.853529
0.5593,-0.9661,1.838253
0.661,-0.9661,1.817017
0.7627,-0.9661,1.789094
0.8644,-0.9661,1.754011
0.9661,-0.9661,1.711542
1.0678,-0.9661,1.661676
1.1695,-0.9661,1.604589
1.2712,-0.9661,1.5406
1.3729,-0.9661,1.470147
1.4746,-0.9661,1.393754
1.5763,-0.9661,1.312016
1.678,-0.9661,1.225574
1.7797,-0.9661,1.135107
1.8814,-0.9661,1.041318
1.9831,-0.9661,0.944921
2.0847,-0.9661,0.846641
2.1864,-0.9661,0.747196
2.2881,-0.9661,0.647302
2.3898,-0.9661,0.547658
2.4915,-0.9661,0.448945
2.5932,-0.9661,0.351821
2.6949,-0.9661,0.256917
2.7966,-0.9661,0.16483
2.8983,-0.9661,0.076124
3.0,-0.9661,-0.008678
-3.0,-0.8644,0.016884
-2.8983,-0.8644,0.103895
-2.7966,-0.8644,0.194803
-2.6949,-0.8644,0.28907
-2.5932,-0.8644,0.386118
-2.4915,-0.8644,0.485332
-2.3898,-0.8644,0.586062
-2.2881,-0.8644,0.68763
-2.1864,-0.8644,0.789333
-2.0847,-0.8644,0.890447
-1.9831,-0.8644,0.99023
-1.8814,-0.8644,1.087932
-1.7797,-0.8644,1.182797
-1.678,-0.8644,1.274072
-1.5763,-0.8644,1.361011
-1.4746,-0.8644,1.44289
-1.3729,-0.8644,1.519012
-1.2712,-0.8644,1.588726
-1.1695,-0.8644,1.651444
-1.0678,-0.8644,1.706666
-0.9661,-0.8644,1.754011
-0.8644,-0.8644,1.79326
-0.7627,-0.8644,1.824406
-0.661,-0.8644,1.847717
-0.5593,-0.8644,1.86379
-0.4576,-0.8644,1.873593
-0.3559,-0.8644,1.878455
-0.2542,-0.8644,1.879971
-0.1525,-0.8644,1.879789
-0.0508,-0.8644,1.879296
0.0508,-0.8644,1.879296
0.1525,-0.8644,1.879789
0.2542,-0.8644,1.879971
0.3559,-0.8644,1.878455
0.4576,-0.8644,1.873593
0.5593,-0.8644,1.86379
0.661,-0.8644,1.847717
0.7627,-0.8644,1.824406
0.8644,-0.8644,1.79326
0.9661,-0.8644,1.754011
1.0678,-0.8644,1.706666
1.1695,-0.8644,1.651444
1.2712,-0.8644,1.588726
1.3729,-0.8644,1.519012
1.4746,-0.8644,1.44289
1.5763,-0.8644,1.361011
1.678,-0.8644,1.274072
1.7797,-0.8644,1.182797
1.8814,-0.8644,1.087932
1.9831,-0.8644,0.99023
2.0847,-0.8644,0.890447
2.1864,-0.8644,0.789333
2.2881,-0.8644,0.68763
2.3898,-0.8644,0.586062
2.4915,-0.8644,0.485332
2.5932,-0.8644,0.386118
2.6949,-0.8644,0.28907
2.7966,-0.8644,0.194803
2.8983,-0.8644,0.103895
3.0,-0.8644,0.016884
-3.0,-0.7627,0.040174
-2.8983,-0.7627,0.129167
-2.7966,-0.7627,0.22205
-2.6949,-0.7627,0.31827
-2.5932,-0.7627,0.417234
-2.4915,-0.7627,0.518311
-2.3898,-0.7627,0.620833
-2.2881,-0.7627,0.724104
-2.1864,-0.7627,0.827397
-2.0847,-0.7627,0.929965
-1.9831,-0.7627,1.031039
-1.8814,-0.7627,1.129839
-1.7797,-0.7627,1.225574
-1.678,-0.7627,1.31745
-1.5763,-0.7627,1.404675
-1.4746,-0.7627,1.48647
-1.3729,-0.7627,1.562077
-1.2712,-0.7627,1.630771
-1.1695,-0.7627,1.691881
-1.0678,-0.7627,1.744815
-0.9661,-0.7627,1.789094
-0.8644,-0.7627,1.824406
-0.7627,-0.7627,1.850676
-0.661,-0.7627,1.868153
-0.5593,-0.7627,1.877523
-0.4576,-0.7627,1.880008
-0.3559,-0.7627,1.877425
-0.2542,-0.7627,1.872101
-0.1525,-0.7627,1.866595
-0.0508,-0.7627,1.863167
0.0508,-0.7627,1.863167
0.1525,-0.7627,1.866595
0.2542,-0.7627,1.872101
0.3559,-0.7627,1.877425
0.4576,-0.7627,1.880008
0.5593,-0.7627,1.877523
0.661,-0.7627,1.868153
0.7627,-0.7627,1.850676
0.8644,-0.7627,1.824406
0.9661,-0.7627,1.789094
1.0678,-0.7627,1.744815
1.1695,-0.7627,1.691881
1.2712,-0.7627,1.630771
1.3729,-0.7627,1.562077
1.4746,-0.7627,1.48647
1.5763,-0.7627,1.404675
1.678,-0.7627,1.31745
1.7797,-0.7627,1.225574
1.8814,-0.7627,1.129839
1.9831,-0.7627,1.031039
2.0847,-0.7627,0.929965
2.1864,-0.7627,0.827397
2.2881,-0.7627,0.724104
2.3898,-0.7627,0.620833
2.4915,-0.7627,0.518311
2.5932,-0.7627,0.417234
2.6949,-0.7627,0.31827
2.7966,-0.7627,0.22205
2.8983,-0.7627,0.129167
3.0,-0.7627,0.040174
-3.0,-0.661,0.060996
-2.8983,-0.661,0.151739
-2.7966,-0.661,0.246362
-2.6949,-0.661,0.344301
-2.5932,-0.661,0.444948
-2.4915,-0.661,0.547658
-2.3898,-0.661,0.651746
-2.2881,-0.661,0.756497
-2.1864,-0.661,0.861165
-2.0847,-0.661,0.964978
-1.9831,-0.661,1.067143
-1.8814,-0.661,1.166847
-1.7797,-0.661,1.263264
-1.678,-0.661,1.355559
-1.5763,-0.661,1.44289
-1.4746,-0.661,1.524418
-1.3729,-0.661,1.599313
-1.2712,-0.661,1.666764
-1.1695,-0.661,1.725993
-1.0678,-0.661,1.776285
-0.9661,-0.661,1.817017
-0.8644,-0.661,1.847717
-0.7627,-0.661,1.868153
-0.661,-0.661,1.878455
-0.5593,-0.661,1.879296
-0.4576,-0.661,1.872101
-0.3559,-0.661,1.859244
-0.2542,-0.661,1.844087
-0.1525,-0.661,1.830649
-0.0508,-0.661,1.82274
0.0508,-0.661,1.82274
0.1525,-0.661,1.830649
0.2542,-0.661,1.844087
0.3559,-0.661,1.859244
0.4576,-0.661,1.872101
0.5593,-0.661,1.879296
0.661,-0.661,1.878455
0.7627,-0.661,1.868153
0.8644,-0.661,1.847717
0.9661,-0.661,1.817017
1.0678,-0.661,1.776285
1.1695,-0.661,1.725993
1.2712,-0.661,1.666764
1.3729,-0.661,1.599313
1.4746,-0.661,1.524418
1.5763,-0.661,1.44289
1.678,-0.661,1.355559
1.7797,-0.661,1.263264
1.8814,-0.661,1.166847
1.9831,-0.661,1.067143
2.0847,-0.661,0.964978
2.1864,-0.661,0.861165
2.2881,-0.661,0.756497
2.3898,-0.661,0.651746
2.4915,-0.661,0.547658
2.5932,-0.661,0.444948
2.6949,-0.661,0.344301
2.7966,-0.661,0.246362
2.8983,-0.661,0.151739
3.0,-0.661,0.060996
-3.0,-0.5593,0.079175
-2.8983,-0.5593,0.171429
-2.7966,-0.5593,0.267553
-2.6949,-0.5593,0.366972
-2.5932,-0.5593,0.469067
-2.4915,-0.5593,0.573177
-2.3898,-0.5593,0.678604
-2.2881,-0.5593,0.784616
-2.1864,-0.5593,0.890447
-2.0847,-0.5593,0.995304
-1.9831,-0.5593,1.098368
-1.8814,-0.5593,1.198799
-1.7797,-0.5593,1.295733
-1.678,-0.5593,1.388295
-1.5763,-0.5593,1.475591
-1.4746,-0.5593,1.55672
-1.3729,-0.5593,1.630771
-1.2712,-0.5593,1.696835
-1.1695,-0.5593,1.754011
-1.0678,-0.5593,1.801423
-0.9661,-0.5593,1.838253
-0.8644,-0.5593,1.86379
-0.7627,-0.5593,1.877523
-0.661,-0.5593,1.879296
-0.5593,-0.5593,1.869562
-0.4576,-0.5593,1.849751
-0.3559,-0.5593,1.82274
-0.2542,-0.5593,1.793239
-0.1525,-0.5593,1.76762
-0.0508,-0.5593,1.752573
0.0508,-0.5593,1.752573
0.1525,-0.5593,1.76762
0.2542,-0.5593,1.793239
0.3559,-0.5593,1.82274
0.4576,-0.5593,1.849751
0.5593,-0.5593,1.869562
0.661,-0.5593,1.879296
0.7627,-0.5593,1.877523
0.8644,-0.5593,1.86379
0.9661,-0.5593,1.838253
1.0678,-0.5593,1.801423
1.1695,-0.5593,1.754011
1.2712,-0.5593,1.696835
1.3729,-0.5593,1.630771
1.4746,-0.5593,1.55672
1.5763,-0.5593,1.475591
1.678,-0.5593,1.388295
1.7797,-0.5593,1.295733
1.8814,-0.5593,1.198799
1.9831,-0.5593,1.098368
2.0847,-0.5593,0.995304
2.1864,-0.5593,0.890447
2.2881,-0.5593,0.784616
2.3898,-0.5593,0.678604
2.4915,-0.5593,0.573177
2.5932,-0.5593,0.469067
2.6949,-0.5593,0.366972
2.7966,-0.5593,0.267553
2.8983,-0.5593,0.171429
3.0,-0.5593,0.079175
-3.0,-0.4576,0.09456
-2.8983,-0.4576,0.18808
-2.7966,-0.4576,0.285461
-2.6949,-0.4576,0.386118
-2.5932,-0.4576,0.489422
-2.4915,-0.4576,0.594699
-2.3898,-0.4576,0.701239
-2.2881,-0.4576,0.808294
-2.1864,-0.4576,0.915082
-2.0847,-0.4576,1.020791
-1.9831,-0.4576,1.124578
-1.8814,-0.4576,1.225574
-1.7797,-0.4576,1.322886
-1.678,-0.4576,1.415596
-1.5763,-0.4576,1.502761
-1.4746,-0.4576,1.583416
-1.3729,-0.4576,1.65657
-1.2712,-0.4576,1.721206
-1.1695,-0.4576,1.776285
-1.0678,-0.4576,1.820748
-0.9661,-0.4576,1.853529
-0.8644,-0.4576,1.873593
-0.7627,-0.4576,1.880008
-0.661,-0.4576,1.872101
-0.5593,-0.4576,1.849751
-0.4576,-0.4576,1.813934
-0.3559,-0.4576,1.76762
-0.2542,-0.4576,1.716942
-0.1525,-0.4576,1.671914
-0.0508,-0.4576,1.644823
0.0508,-0.4576,1.644823
0.1525,-0.4576,1.671914
0.2542,-0.4576,1.716942
0.3559,-0.4576,1.76762
0.4576,-0.4576,1.813934
0.5593,-0.4576,1.849751
0.661,-0.4576,1.872101
0.7627,-0.4576,1.880008
0.8644,-0.4576,1.873593
0.9661,-0.4576,1.853529
1.0678,-0.4576,1.820748
1.1695,-0.4576,1.776285
1.2712,-0.4576,1.721206
1.3729,-0.4576,1.65657
1.4746,-0.4576,1.583416
1.5763,-0.4576,1.502761
1.678,-0.4576,1.415596
1.7797,-0.4576,1.322886
1.8814,-0.4576,1.225574
1.9831,-0.4576,1.124578
2.0847,-0.4576,1.020791
2.1864,-0.4576,0.915082
2.2881,-0.4576,0.808294
2.3898,-0.4576,0.701239
2.4915,-0.4576,0.594699
2.5932,-0.4576,0.489422
2.6949,-0.4576,0.386118
2.7966,-0.4576,0.285461
2.8983,-0.4576,0.18808
3.0,-0.4576,0.09456
-3.0,-0.3559,0.107023
-2.8983,-0.3559,0.201561
-2.7966,-0.3559,0.299952
-2.6949,-0.3559,0.401602
-2.5932,-0.3559,0.505874
-2.4915,-0.3559,0.612085
-2.3898,-0.3559,0.719512
-2.2881,-0.3559,0.827397
-2.1864,-0.3559,0.934942
-2.0847,-0.3559,1.041318
-1.9831,-0.3559,1.145662
-1.8814,-0.3559,1.247084
-1.7797,-0.3559,1.344659
-1.678,-0.3559,1.437433
-1.5763,-0.3559,1.524418
-1.4746,-0.3559,1.604589
-1.3729,-0.3559,1.676877
-1.2712,-0.3559,1.740161
-1.1695,-0.3559,1.79326
-1.0678,-0.3559,1.834916
-0.9661,-0.3559,1.86379
-0.8644,-0.3559,1.878455
-0.7627,-0.3559,1.877425
-0.661,-0.3559,1.859244
-0.5593,-0.3559,1.82274
-0.4576,-0.3559,1.76762
-0.3559,-0.3559,1.695789
-0.2542,-0.3559,1.613874
-0.1525,-0.3559,1.536685
-0.0508,-0.3559,1.487638
0.0508,-0.3559,1.487638
0.1525,-0.3559,1.536685
0.2542,-0.3559,1.613874
0.3559,-0.3559,1.695789
0.4576,-0.3559,1.76762
0.5593,-0.3559,1.82274
0.661,-0.3559,1.859244
0.7627,-0.3559,1.877425
0.8644,-0.3559,1.878455
0.9661,-0.3559,1.86379
1.0678,-0.3559,1.834916
1.1695,-0.3559,1.79326
1.2712,-0.3559,1.740161
1.3729,-0.3559,1.676877
1.4746,-0.3559,1.604589
1.5763,-0.3559,1.524418
1.678,-0.3559,1.437433
1.7797,-0.3559,1.344659
1.8814,-0.3559,1.247084
1.9831,-0.3559,1.145662
2.0847,-0.3559,1.041318
2.1864,-0.3559,0.934942
2.2881,-0.3559,0.827397
2.3898,-0.3559,0.719512
2.4915,-0.3559,0.612085
2.5932,-0.3559,0.505874
2.6949,-0.3559,0.401602
2.7966,-0.3559,0.299952
2.8983,-0.3559,0.201561
3.0,-0.3559,0.107023
-3.0,-0.2542,0.116462
-2.8983,-0.2542,0.211765
-2.7966,-0.2542,0.310915
-2.6949,-0.2542,0.413312
-2.5932,-0.2542,0.518311
-2.4915,-0.2542,0.625222
-2.3898,-0.2542,0.733313
-2.2881,-0.2542,0.841816
-2.1864,-0.2542,0.949923
-2.0847,-0.2542,1.056791
-1.9831,-0.2542,1.161542
-1.8814,-0.2542,1.263264
-1.7797,-0.2542,1.361011
-1.678,-0.2542,1.453799
-1.5763,-0.2542,1.5406
-1.4746,-0.2542,1.62034
-1.3729,-0.2542,1.691881
-1.2712,-0.2542,1.754011
-1.1695,-0.2542,1.805417
-1.0678,-0.2542,1.844658
-0.9661,-0.2542,1.87012
-0.8644,-0.2542,1.879971
-0.7627,-0.2542,1.872101
-0.661,-0.2542,1.844087
-0.5593,-0.2542,1.793239
-0.4576,-0.2542,1.716942
-0.3559,-0.2542,1.613874
-0.2542,-0.2542,1.487638
-0.1525,-0.2542,1.355774
-0.0508,-0.2542,1.262377
0.0508,-0.2542,1.262377
0.1525,-0.2542,1.355774
0.2542,-0.2542,1.487638
0.3559,-0.2542,1.613874
0.4576,-0.2542,1.716942
0.5593,-0.2542,1.793239
0.661,-0.2542,1.844087
0.7627,-0.2542,1.872101
0.8644,-0.2542,1.879971
0.9661,-0.2542,1.87012
1.0678,-0.2542,1.844658
1.1695,-0.2542,1.805417
1.2712,-0.2542,1.754011
1.3729,-0.2542,1.691881
1.4746,-0.2542,1.62034
1.5763,-0.2542,1.5406
1.678,-0.2542,1.453799
1.7797,-0.2542,1.361011
1.8814,-0.2542,1.263264
1.9831,-0.2542,1.161542
2.0847,-0.2542,1.056791
2.1864,-0.2542,0.949923
2.2881,-0.2542,0.841816
2.3898,-0.2542,0.733313
2.4915,-0.2542,0.625222
2.5932,-0.2542,0.518311
2.6949,-0.2542,0.413312
2.7966,-0.2542,0.310915
2.8983,-0.2542,0.211765
3.0,-0.2542,0.116462
-3.0,-0.1525,0.122797
-2.8983,-0.1525,0.218613
-2.7966,-0.1525,0.31827
-2.6949,-0.1525,0.421166
-2.5932,-0.1525,0.526649
-2.4915,-0.1525,0.634026
-2.3898,-0.1525,0.74256
-2.2881,-0.1525,0.851473
-2.1864,-0.1525,0.959952
-2.0847,-0.1525,1.067143
-1.9831,-0.1525,1.172158
-1.8814,-0.1525,1.274072
-1.7797,-0.1525,1.371921
-1.678,-0.1525,1.4647
-1.5763,-0.1525,1.551354
-1.4746,-0.1525,1.630771
-1.3729,-0.1525,1.701764
-1.2712,-0.1525,1.76305
-1.1695,-0.1525,1.813216
-1.0678,-0.1525,1.850676
-0.9661,-0.1525,1.873593
-0.8644,-0.1525,1.879789
-0.7627,-0.1525,1.866595
-0.661,-0.1525,1.830649
-0.5593,-0.1525,1.76762
-0.4576,-0.1525,1.671914
-0.3559,-0.1525,1.536685
-0.2542,-0.1525,1.355774
-0.1525,-0.1525,1.13513
-0.0508,-0.1525,0.940312
0.0508,-0.1525,0.940312
0.1525,-0.1525,1.13513
0.2542,-0.1525,1.355774
0.3559,-0.1525,1.536685
0.4576,-0.1525,1.671914
0.5593,-0.1525,1.76762
0.661,-0.1525,1.830649
0.7627,-0.1525,1.866595
0.8644,-0.1525,1.879789
0.9661,-0.1525,1.873593
1.0678,-0.1525,1.850676
1.1695,-0.1525,1.813216
1.2712,-0.1525,1.76305
1.3729,-0.1525,1.701764
1.4746,-0.1525,1.630771
1.5763,-0.1525,1.551354
1.678,-0.1525,1.4647
1.7797,-0.1525,1.371921
1.8814,-0.1525,1.274072
1.9831,-0.1525,1.172158
2.0847,-0.1525,1.067143
2.1864,-0.1525,0.959952
2.2881,-0.1525,0.851473
2.3898,-0.1525,0.74256
2.4915,-0.1525,0.634026
2.5932,-0.1525,0.526649
2.6949,-0.1525,0.421166
2.7966,-0.1525,0.31827
2.8983,-0.1525,0.218613
3.0,-0.1525,0.122797
-3.0,-0.0508,0.125978
-2.8983,-0.0508,0.22205
-2.7966,-0.0508,0.321961
-2.6949,-0.0508,0.425106
-2.5932,-0.0508,0.530832
-2.4915,-0.0508,0.638442
-2.3898,-0.0508,0.747196
-2.2881,-0.0508,0.856315
-2.1864,-0.0508,0.964978
-2.0847,-0.0508,1.072329
-1.9831,-0.0508,1.177475
-1.8814,-0.0508,1.279481
-1.7797,-0.0508,1.377378
-1.678,-0.0508,1.470147
-1.5763,-0.0508,1.55672
-1.4746,-0.0508,1.635964
-1.3729,-0.0508,1.706666
-1.2712,-0.0508,1.767506
-1.1695,-0.0508,1.817017
-1.0678,-0.0508,1.853529
-0.9661,-0.0508,1.875082
-0.8644,-0.0508,1.879296
-0.7627,-0.0508,1.863167
-0.661,-0.0508,1.82274
-0.5593,-0.0508,1.752573
-0.4576,-0.0508,1.644823
-0.3559,-0.0508,1.487638
-0.2542,-0.0508,1.262377
-0.1525,-0.0508,0.940312
-0.0508,-0.0508,0.510872
0.0508,-0.0508,0.510872
0.1525,-0.0508,0.940312
0.2542,-0.0508,1.262377
0.3559,-0.0508,1.487638
0.4576,-0.0508,1.644823
0.5593,-0.0508,1.752573
0.661,-0.0508,1.82274
0.7627,-0.0508,1.863167
0.8644,-0.0508,1.879296
0.9661,-0.0508,1.875082
1.0678,-0.0508,1.853529
1.1695,-0.0508,1.817017
1.2712,-0.0508,1.767506
1.3729,-0.0508,1.706666
1.4746,-0.0508,1.635964
1.5763,-0.0508,1.55672
1.678,-0.0508,1.470147
1.7797,-0.0508,1.377378
1.8814,-0.0508,1.279481
1.9831,-0.0508,1.177475
2.0847,-0.0508,1.072329
2.1864,-0.0508,0.964978
2.2881,-0.0508,0.856315
2.3898,-0.0508,0.747196
2.4915,-0.0508,0.638442
2.5932,-0.0508,0.530832
2.6949,-0.0508,0.425106
2.7966,-0.0508,0.321961
2.8983,-0.0508,0.22205
3.0,-0.0508,0.125978
-3.0,0.0508,0.125978
-2.8983,0.0508,0.22205
-2.7966,0.0508,0.321961
-2.6949,0.0508,0.425106
-2.5932,0.0508,0.530832
-2.4915,0.0508,0.638442
-2.3898,0.0508,0.747196
-2.2881,0.0508,0.856315
-2.1864,0.0508,0.964978
-2.0847,0.0508,1.072329
-1.9831,0.0508,1.177475
-1.8814,0.0508,1.279481
-1.7797,0.0508,1.377378
-1.678,0.0508,1.470147
-1.5763,0.0508,1.55672
-1.4746,0.0508,1.635964
-1.3729,0.0508,1.706666
-1.2712,0.0508,1.767506
-1.1695,0.0508,1.817017
-1.0678,0.0508,1.853529
-0.9661,0.0508,1.875082
-0.8644,0.0508,1.879296
-0.7627,0.0508,1.863167
-0.661,0.0508,1.82274
-0.5593,0.0508,1.752573
-0.4576,0.0508,1.644823
-0.3559,0.0508,1.487638
-0.2542,0.0508,1.262377
-0.1525,0.0508,0.940312
-0.0508,0.0508,0.510872
0.0508,0.0508,0.510872
0.1525,0.0508,0.940312
0.2542,0.0508,1.262377
0.3559,0.0508,1.487638
0.4576,0.0508,1.644823
0.5593,0.0508,1.752573
0.661,0.0508,1.82274
0.7627,0.0508,1.863167
0.8644,0.0508,1.879296
0.9661,0.0508,1.875082
1.0678,0.0508,1.853529
1.1695,0.0508,1.817017
1.2712,0.0508,1.767506
1.3729,0.0508,1.706666
1.4746,0.0508,1.635964
1.5763,0.0508,1.55672
1.678,0.0508,1.470147
1.7797,0.0508,1.377378
1.8814,0.0508,1.279481
1.9831,0.0508,1.177475
2.0847,0.0508,1.072329
2.1864,0.0508,0.964978
2.2881,0.0508,0.856315
2.3898,0.0508,0.747196
2.4915,0.0508,0.638442
2.5932,0.0508,0.530832
2.6949,0.0508,0.425106
2.7966,0.0508,0.321961
2.8983,0.0508,0.22205
3.0,0.0508,0.125978
-3.0,0.1525,0.122797
-2.8983,0.1525,0.218613
-2.7966,0.1525,0.31827
-2.6949,0.1525,0.421166
-2.5932,0.1525,0.526649
-2.4915,0.1525,0.634026
-2.3898,0.1525,0.74256
-2.2881,0.1525,0.851473
-2.1864,0.1525,0.959952
-2.0847,0.1525,1.067143
-1.9831,0.1525,1.172158
-1.8814,0.1525,1.274072
-1.7797,0.1525,1.371921
-1.678,0.1525,1.4647
-1.5763,0.1525,1.551354
-1.4746,0.1525,1.630771
-1.3729,0.1525,1.701764
-1.2712,0.1525,1.76305
-1.1695,0.1525,1.813216
-1.0678,0.1525,1.850676
-0.9661,0.1525,1.873593
-0.8644,0.1525,1.879789
-0.7627,0.1525,1.866595
-0.661,0.1525,1.830649
-0.5593,0.1525,1.76762
-0.4576,0.1525,1.671914
-0.3559,0.1525,1.536685
-0.2542,0.1525,1.355774
-0.1525,0.1525,1.13513
-0.0508,0.1525,0.940312
0.0508,0.1525,0.940312
0.1525,0.1525,1.13513
0.2542,0.1525,1.355774
0.3559,0.1525,1.536685
0.4576,0.1525,1.671914
0.5593,0.1525,1.76762
0.661,0.1525,1.830649
0.7627,0.1525,1.866595
0.8644,0.1525,1.879789
0.9661,0.1525,1.873593
1.0678,0.1525,1.850676
1.1695,0.1525,1.813216
1.2712,0.1525,1.76305
1.3729,0.1525,1.701764
1.4746,0.1525,1.630771
1.5763,0.1525,1.551354
1.678,0.1525,1.4647
1.7797,0.1525,1.371921
1.8814,0.1525,1.274072
1.9831,0.1525,1.172158
2.0847,0.1525,1.067143
2.1864,0.1525,0.959952
2.2881,0.1525,0.851473
2.3898,0.1525,0.74256
2.4915,0.1525,0.634026
2.5932,0.1525,0.526649
2.6949,0.1525,0.421166
2.7966,0.1525,0.31827
2.8983,0.1525,0.218613
3.0,0.1525,0.122797
-3.0,0.2542,0.116462
-2.8983,0.2542,0.211765
-2.7966,0.2542,0.310915
-2.6949,0.2542,0.413312
-2.5932,0.2542,0.518311
-2.4915,0.2542,0.625222
-2.3898,0.2542,0.733313
-2.2881,0.2542,0.841816
-2.1864,0.2542,0.949923
-2.0847,0.2542,1.056791
-1.9831,0.2542,1.161542
-1.8814,0.2542,1.263264
-1.7797,0.2542,1.361011
-1.678,0.2542,1.453799
-1.5763,0.2542,1.5406
-1.4746,0.2542,1.62034
-1.3729,0.2542,1.691881
-1.2712,0.2542,1.754011
-1.1695,0.2542,1.805417
-1.0678,0.2542,1.844658
-0.9661,0.2542,1.87012
-0.8644,0.2542,1.879971
-0.7627,0.2542,1.872101
-0.661,0.2542,1.844087
-0.5593,0.2542,1.793239
-0.4576,0.2542,1.716942
-0.3559,0.2542,1.613874
-0.2542,0.2542,1.487638
-0.1525,0.2542,1.355774
-0.0508,0.2542,1.262377
0.0508,0.2542,1.262377
0.1525,0.2542,1.355774
0.2542,0.2542,1.487638
0.3559,0.2542,1.613874
0.4576,0.2542,1.716942
0.5593,0.2542,1.793239
0.661,0.2542,1.844087
0.7627,0.2542,1.872101
0.8644,0.2542,1.879971
0.9661,0.2542,1.87012
1.0678,0.2542,1.844658
1.1695,0.2542,1.805417
1.2712,0.2542,1.754011
1.3729,0.2542,1.691881
1.4746,0.2542,1.62034
1.5763,0.2542,1.5406
1.678,0.2542,1.453799
1.7797,0.2542,1.361011
1.8814,0.2542,1.263264
1.9831,0.2542,1.161542
2.0847,0.2542,1.056791
2.1864,0.2542,0.949923
2.2881,0.2542,0.841816
2.3898,0.2542,0.733313
2.4915,0.2542,0.625222
2.5932,0.2542,0.518311
2.6949,0.2542,0.413312
2.7966,0.2542,0.310915
2.8983,0.2542,0.211765
3.0,0.2542,0.116462
-3.0,0.3559,0.107023
-2.8983,0.3559,0.201561
-2.7966,0.3559,0.299952
-2.6949,0.3559,0.401602
-2.5932,0.3559,0.505874
-2.4915,0.3559,0.612085
-2.3898,0.3559,0.719512
-2.2881,0.3559,0.827397
-2.1864,0.3559,0.934942
-2.0847,0.3559,1.041318
-1.9831,0.3559,1.145662
-1.8814,0.3559,1.247084
-1.7797,0.3559,1.344659
-1.678,0.3559,1.437433
-1.5763,0.3559,1.524418
-1.4746,0.3559,1.604589
-1.3729,0.3559,1.676877
-1.2712,0.3559,1.740161
-1.1695,0.3559,1.79326
-1.0678,0.3559,1.834916
-0.9661,0.3559,1.86379
-0.8644,0.3559,1.878455
-0.7627,0.3559,1.877425
-0.661,0.3559,1.859244
-0.5593,0.3559,1.82274
-0.4576,0.3559,1.76762
-0.3559,0.3559,1.695789
-0.2542,0.3559,1.613874
-0.1525,0.3559,1.536685
-0.0508,0.3559,1.487638
0.0508,0.3559,1.487638
0.1525,0.3559,1.536685
0.2542,0.3559,1.613874
0.3559,0.3559,1.695789
0.4576,0.3559,1.76762
0.5593,0.3559,1.82274
0.661,0.3559,1.859244
0.7627,0.3559,1.877425
0.8644,0.3559,1.878455
0.9661,0.3559,1.86379
1.0678,0.3559,1.834916
1.1695,0.3559,1.79326
1.2712,0.3559,1.740161
1.3729,0.3559,1.676877
1.4746,0.3559,1.604589
1.5763,0.3559,1.524418
1.678,0.3559,1.437433
1.7797,0.3559,1.344659
1.8814,0.3559,1.247084
1.9831,0.3559,1.145662
2.0847,0.3559,1.041318
2.1864,0.3559,0.934942
2.2881,0.3559,0.827397
2.3898,0.3559,0.719512
2.4915,0.3559,0.612085
2.5932,0.3559,0.505874
2.6949,0.3559,0.401602
2.7966,0.3559,0.299952
2.8983,0.3559,0.201561
3.0,0.3559,0.107023
-3.0,0.4576,0.09456
-2.8983,0.4576,0.18808
-2.7966,0.4576,0.285461
-2.6949,0.4576,0.386118
-2.5932,0.4576,0.489422
-2.4915,0.4576,0.594699
-2.3898,0.4576,0.701239
-2.2881,0.4576,0.808294
-2.1864,0.4576,0.915082
-2.0847,0.4576,1.020791
-1.9831,0.4576,1.124578
-1.8814,0.4576,1.225574
-1.7797,0.4576,1.322886
-1.678,0.4576,1.415596
-1.5763,0.4576,1.502761
-1.4746,0.4576,1.583416
-1.3729,0.4576,1.65657
-1.2712,0.4576,1.721206
-1.1695,0.4576,1.776285
-1.0678,0.4576,1.820748
-0.9661,0.4576,1.853529
-0.8644,0.4576,1.873593
-0.7627,0.4576,1.880008
-0.661,0.4576,1.872101
-0.5593,0.4576,1.849751
-0.4576,0.4576,1.813934
-0.3559,0.4576,1.76762
-0.2542,0.4576,1.716942
-0.1525,0.4576,1.671914
-0.0508,0.4576,1.644823
0.0508,0.4576,1.644823
0.1525,0.4576,1.671914
0.2542,0.4576,1.716942
0.3559,0.4576,1.76762
0.4576,0.4576,1.813934
0.5593,0.4576,1.849751
0.661,0.4576,1.872101
0.7627,0.4576,1.880008
0.8644,0.4576,1.873593
0.9661,0.4576,1.853529
1.0678,0.4576,1.820748
1.1695,0.4576,1.776285
1.2712,0.4576,1.721206
1.3729,0.4576,1.65657
1.4746,0.4576,1.583416
1.5763,0.4576,1.502761
1.678,0.4576,1.415596
1.7797,0.4576,1.322886
1.8814,0.4576,1.225574
1.9831,0.4576,1.124578
2.0847,0.4576,1.020791
2.1864,0.4576,0.915082
2.2881,0.4576,0.808294
2.3898,0.4576,0.701239
2.4915,0.4576,0.594699
2.5932,0.4576,0.489422
2.6949,0.4576,0.386118
2.7966,0.4576,0.285461
2.8983,0.4576,0.18808
3.0,0.4576,0.09456
-3.0,0.5593,0.079175
-2.8983,0.5593,0.171429
-2.7966,0.5593,0.267553
-2.6949,0.5593,0.366972
-2.5932,0.5593,0.469067
-2.4915,0.5593,0.573177
-2.3898,0.5593,0.678604
-2.2881,0.5593,0.784616
-2.1864,0.5593,0.890447
-2.0847,0.5593,0.995304
-1.9831,0.5593,1.098368
-1.8814,0.5593,1.198799
-1.7797,0.5593,1.295733
-1.678,0.5593,1.388295
-1.5763,0.5593,1.475591
-1.4746,0.5593,1.55672
-1.3729,0.5593,1.630771
-1.2712,0.5593,1.696835
-1.1695,0.5593,1.754011
-1.0678,0.5593,1.801423
-0.9661,0.5593,1.838253
-0.8644,0.5593,1.86379
-0.7627,0.5593,1.877523
-0.661,0.5593,1.879296
-0.5593,0.5593,1.869562
-0.4576,0.5593,1.849751
-0.3559,0.5593,1.82274
-0.2542,0.5593,1.793239
-0.1525,0.5593,1.76762
-0.0508,0.5593,1.752573
0.0508,0.5593,1.752573
0.1525,0.5593,1.76762
0.2542,0.5593,1.793239
0.3559,0.5593,1.82274
0.4576,0.5593,1.849751
0.5593,0.5593,1.869562
0.661,0.5593,1.879296
0.7627,0.5593,1.877523
0.8644,0.5593,1.86379
0.9661,0.5593,1.838253
1.0678,0.5593,1.801423
1.1695,0.5593,1.754011
1.2712,0.5593,1.696835
1.3729,0.5593,1.630771
1.4746,0.5593,1.55672
1.5763,0.5593,1.475591
1.678,0.5593,1.388295
1.7797,0.5593,1.295733
1.8814,0.5593,1.198799
1.9831,0.5593,1.098368
2.0847,0.5593,0.995304
2.1864,0.5593,0.890447
2.2881,0.5593,0.784616
2.3898,0.5593,0.678604
2.4915,0.5593,0.573177
2.5932,0.5593,0.469067
2.6949,0.5593,0.366972
2.7966,0.5593,0.267553
2.8983,0.5593,0.171429
3.0,0.5593,0.079175
-3.0,0.661,0.060996
-2.8983,0.661,0.151739
-2.7966,0.661,0.246362
-2.6949,0.661,0.344301
-2.5932,0.661,0.444948
-2.4915,0.661,0.547658
-2.3898,0.661,0.651746
-2.2881,0.661,0.756497
-2.1864,0.661,0.861165
-2.0847,0.661,0.964978
-1.9831,0.661,1.067143
-1.8814,0.661,1.166847
-1.7797,0.661,1.263264
-1.678,0.661,1.355559
-1.5763,0.661,1.44289
-1.4746,0.661,1.524418
-1.3729,0.661,1.599313
-1.2712,0.661,1.666764
-1.1695,0.661,1.725993
-1.0678,0.661,1.776285
-0.9661,0.661,1.817017
-0.8644,0.661,1.847717
-0.7627,0.661,1.868153
-0.661,0.661,1.878455
-0.5593,0.661,1.879296
-0.4576,0.661,1.872101
-0.3559,0.661,1.859244
-0.2542,0.661,1.844087
-0.1525,0.661,1.830649
-0.0508,0.661,1.82274
0.0508,0.661,1.82274
0.1525,0.661,1.830649
0.2542,0.661,1.844087
0.3559,0.661,1.859244
0.4576,0.661,1.872101
0.5593,0.661,1.879296
0.661,0.661,1.878455
0.7627,0.661,1.868153
0.8644,0.661,1.847717
0.9661,0.661,1.817017
1.0678,0.661,1.776285
1.1695,0.661,1.725993
1.2712,0.661,1.666764
1.3729,0.661,1.599313
1.4746,0.661,1.524418
1.5763,0.661,1.44289
1.678,0.661,1.355559
1.7797,0.661,1.263264
1.8814,0.661,1.166847
1.9831,0.661,1.067143
2.0847,0.661,0.964978
2.1864,0.661,0.861165
2.2881,0.661,0.756497
2.3898,0.661,0.651746
2.4915,0.661,0.547658
2.5932,0.661,0.444948
2.6949,0.661,0.344301
2.7966,0.661,0.246362
2.8983,0.661,0.151739
3.0,0.661,0.060996
-3.0,0.7627,0.040174
-2.8983,0.7627,0.129167
-2.7966,0.7627,0.22205
-2.6949,0.7627,0.31827
-2.5932,0.7627,0.417234
-2.4915,0.7627,0.518311
-2.3898,0.7627,0.620833
-2.2881,0.7627,0.724104
-2.1864,0.7627,0.827397
-2.0847,0.7627,0.929965
-1.9831,0.7627,1.031039
-1.8814,0.7627,1.129839
-1.7797,0.7627,1.225574
-1.678,0.7627,1.31745
-1.5763,0.7627,1.404675
-1.4746,0.7627,1.48647
-1.3729,0.7627,1.562077
-1.2712,0.7627,1.630771
-1.1695,0.7627,1.691881
-1.0678,0.7627,1.744815
-0.9661,0.7627,1.789094
-0.8644,0.7627,1.824406
-0.7627,0.7627,1.850676
-0.661,0.7627,1.868153
-0.5593,0.7627,1.877523
-0.4576,0.7627,1.880008
-0.3559,0.7627,1.877425
-0.2542,0.7627,1.872101
-0.1525,0.7627,1.866595
-0.0508,0.7627,1.863167
0.0508,0.7627,1.863167
0.1525,0.7627,1.866595
0.2542,0.7627,1.872101
0.3559,0.7627,1.877425
0.4576,0.7627,1.880008
0.5593,0.7627,1.877523
0.661,0.7627,1.868153
0.7627,0.7627,1.850676
0.8644,0.7627,1.824406
0.9661,0.7627,1.789094
1.0678,0.7627,1.744815
1.1695,0.7627,1.691881
1.2712,0.7627,1.630771
1.3729,0.7627,1.562077
1.4746,0.7627,1.48647
1.5763,0.7627,1.404675
1.678,0.7627,1.31745
1.7797,0.7627,1.225574
1.8814,0.7627,1.129839
1.9831,0.7627,1.031039
2.0847,0.7627,0.929965
2.1864,0.7627,0.827397
2.2881,0.7627,0.724104
2.3898,0.7627,0.620833
2.4915,0.7627,0.518311
2.5932,0.7627,0.417234
2.6949,0.7627,0.31827
2.7966,0.7627,0.22205
2.8983,0.7627,0.129167
3.0,0.7627,0.040174
-3.0,0.8644,0.016884
-2.8983,0.8644,0.103895
-2.7966,0.8644,0.194803
-2.6949,0.8644,0.28907
-2.5932,0.8644,0.386118
-2.4915,0.8644,0.485332
-2.3898,0.8644,0.586062
-2.2881,0.8644,0.68763
-2.1864,0.8644,0.789333
-2.0847,0.8644,0.890447
-1.9831,0.8644,0.99023
-1.8814,0.8644,1.087932
-1.7797,0.8644,1.182797
-1.678,0.8644,1.274072
-1.5763,0.8644,1.361011
-1.4746,0.8644,1.44289
-1.3729,0.8644,1.519012
-1.2712,0.8644,1.588726
-1.1695,0.8644,1.651444
-1.0678,0.8644,1.706666
-0.9661,0.8644,1.754011
-0.8644,0.8644,1.79326
-0.7627,0.8644,1.824406
-0.661,0.8644,1.847717
-0.5593,0.8644,1.86379
-0.4576,0.8644,1.873593
-0.3559,0.8644,1.878455
-0.2542,0.8644,1.879971
-0.1525,0.8644,1.879789
-0.0508,0.8644,1.879296
0.0508,0.8644,1.879296
0.1525,0.8644,1.879789
0.2542,0.8644,1.879971
0.3559,0.8644,1.878455
0.4576,0.8644,1.873593
0.5593,0.8644,1.86379
0.661,0.8644,1.847717
0.7627,0.8644,1.824406
0.8644,0.8644,1.79326
0.9661,0.8644,1.754011
1.0678,0.8644,1.706666
1.1695,0.8644,1.651444
1.2712,0.8644,1.588726
1.3729,0.8644,1.519012
1.4746,0.8644,1.44289
1.5763,0.8644,1.361011
1.678,0.8644,1.274072
1.7797,0.8644,1.182797
1.8814,0.8644,1.087932
1.9831,0.8644,0.99023
2.0847,0.8644,0.890447
2.1864,0.8644,0.789333
2.2881,0.8644,0.68763
2.3898,0.8644,0.586062
2.4915,0.8644,0.485332
2.5932,0.8644,0.386118
2.6949,0.8644,0.28907
2.7966,0.8644,0.194803
2.8983,0.8644,0.103895
3.0,0.8644,0.016884
-3.0,0.9661,-0.008678
-2.8983,0.9661,0.076124
-2.7966,0.9661,0.16483
-2.6949,0.9661,0.256917
-2.5932,0.9661,0.351821
-2.4915,0.9661,0.448945
-2.3898,0.9661,0.547658
-2.2881,0.9661,0.647302
-2.1864,0.9661,0.747196
-2.0847,0.9661,0.846641
-1.9831,0.9661,0.944921
-1.8814,0.9661,1.041318
-1.7797,0.9661,1.135107
-1.678,0.9661,1.225574
-1.5763,0.9661,1.312016
-1.4746,0.9661,1.393754
-1.3729,0.9661,1.470147
-1.2712,0.9661,1.5406
-1.1695,0.9661,1.604589
-1.0678,0.9661,1.661676
-0.9661,0.9661,1.711542
-0.8644,0.9661,1.754011
-0.7627,0.9661,1.789094
-0.661,0.9661,1.817017
-0.5593,0.9661,1.838253
-0.4576,0.9661,1.853529
-0.3559,0.9661,1.86379
-0.2542,0.9661,1.87012
-0.1525,0.9661,1.873593
-0.0508,0.9661,1.875082
0.0508,0.9661,1.875082
0.1525,0.9661,1.873593
0.2542,0.9661,1.87012
0.3559,0.9661,1.86379
0.4576,0.9661,1.853529
0.5593,0.9661,1.838253
0.661,0.9661,1.817017
0.7627,0.9661,1.789094
0.8644,0.9661,1.754011
0.9661,0.9661,1.711542
1.0678,0.9661,1.661676
1.1695,0.9661,1.604589
1.2712,0.9661,1.5406
1.3729,0.9661,1.470147
1.4746,0.9661,1.393754
1.5763,0.9661,1.312016
1.678,0.9661,1.225574
1.7797,0.9661,1.135107
1.8814,0.9661,1.041318
1.9831,0.9661,0.944921
2.0847,0.9661,0.846641
2.1864,0.9661,0.747196
2.2881,0.9661,0.647302
2.3898,0.9661,0.547658
2.4915,0.9661,0.448945
2.5932,0.9661,0.351821
2.6949,0.9661,0.256917
2.7966,0.9661,0.16483
2.8983,0.9661,0.076124
3.0,0.9661,-0.008678
-3.0,1.0678,-0.036296
-2.8983,1.0678,0.046081
-2.7966,1.0678,0.132366
-2.6949,1.0678,0.22205
-2.5932,1.0678,0.314588
-2.4915,1.0678,0.4094
-2.3898,1.0678,0.505874
-2.2881,1.0678,0.603373
-2.1864,1.0678,0.701239
-2.0847,1.0678,0.798796
-1.9831,1.0678,0.895357
-1.8814,1.0678,0.99023
-1.7797,1.0678,1.082724
-1.678,1.0678,1.172158
-1.5763,1.0678,1.257866
-1.4746,1.0678,1.339212
-1.3729,1.0678,1.415596
-1.2712,1.0678,1.48647
-1.1695,1.0678,1.551354
-1.0678,1.0678,1.609852
-0.9661,1.0678,1.661676
-0.8644,1.0678,1.706666
-0.7627,1.0678,1.744815
-0.661,1.0678,1.776285
-0.5593,1.0678,1.801423
-0.4576,1.0678,1.820748
-0.3559,1.0678,1.834916
-0.2542,1.0678,1.844658
-0.1525,1.0678,1.850676
-0.0508,1.0678,1.853529
0.0508,1.0678,1.853529
0.1525,1.0678,1.850676
0.2542,1.0678,1.844658
0.3559,1.0678,1.834916
0.4576,1.0678,1.820748
0.5593,1.0678,1.801423
0.661,1.0678,1.776285
0.7627,1.0678,1.744815
0.8644,1.0678,1.706666
0.9661,1.0678,1.661676
1.0678,1.0678,1.609852
1.1695,1.0678,1.551354
1.2712,1.0678,1.48647
1.3729,1.0678,1.415596
1.4746,1.0678,1.339212
1.5763,1.0678,1.257866
1.678,1.0678,1.172158
1.7797,1.0678,1.082724
1.8814,1.0678,0.99023
1.9831,1.0678,0.895357
2.0847,1.0678,0.798796
2.1864,1.0678,0.701239
2.2881,1.0678,0.603373
2.3898,1.0678,0.505874
2.4915,1.0678,0.4094
2.5932,1.0678,0.314588
2.6949,1.0678,0.22205
2.7966,1.0678,0.132366
2.8983,1.0678,0.046081
3.0,1.0678,-0.036296
-3.0,1.1695,-0.065733
-2.8983,1.1695,0.014011
-2.7966,1.1695,0.097663
-2.6949,1.1695,0.184732
-2.5932,1.1695,0.274689
-2.4915,1.1695,0.366972
-2.3898,1.1695,0.46099
-2.2881,1.1695,0.556127
-2.1864,1.1695,0.651746
-2.0847,1.1695,0.747196
-1.9831,1.1695,0.841816
-1.8814,1.1695,0.934942
-1.7797,1.1695,1.025911
-1.678,1.1695,1.114074
-1.5763,1.1695,1.198799
-1.4746,1.1695,1.279481
-1.3729,1.1695,1.355559
-1.2712,1.1695,1.426516
-1.1695,1.1695,1.491905
-1.0678,1.1695,1.551354
-0.9661,1.1695,1.604589
-0.8644,1.1695,1.651444
-0.7627,1.1695,1.691881
-0.661,1.1695,1.725993
-0.5593,1.1695,1.754011
-0.4576,1.1695,1.776285
-0.3559,1.1695,1.79326
-0.2542,1.1695,1.805417
-0.1525,1.1695,1.813216
-0.0508,1.1695,1.817017
0.0508,1.1695,1.817017
0.1525,1.1695,1.813216
0.2542,1.1695,1.805417
0.3559,1.1695,1.79326
0.4576,1.1695,1.776285
0.5593,1.1695,1.754011
0.661,1.1695,1.725993
0.7627,1.1695,1.691881
0.8644,1.1695,1.651444
0.9661,1.1695,1.604589
1.0678,1.1695,1.551354
1.1695,1.1695,1.491905
1.2712,1.1695,1.426516
1.3729,1.1695,1.355559
1.4746,1.1695,1.279481
1.5763,1.1695,1.198799
1.678,1.1695,1.114074
1.7797,1.1695,1.025911
1.8814,1.1695,0.934942
1.9831,1.1695,0.841816
2.0847,1.1695,0.747196
2.1864,1.1695,0.651746
2.2881,1.1695,0.556127
2.3898,1.1695,0.46099
2.4915,1.1695,0.366972
2.5932,1.1695,0.274689
2.6949,1.1695,0.184732
2.7966,1.1695,0.097663
2.8983,1.1695,0.014011
3.0,1.1695,-0.065733
-3.0,1.2712,-0.096738
-2.8983,1.2712,-0.019824
-2.7966,1.2712,0.060996
-2.6949,1.2712,0.145246
-2.5932,1.2712,0.232416
-2.4915,1.2712,0.321961
-2.3898,1.2712,0.413312
-2.2881,1.2712,0.505874
-2.1864,1.2712,0.599031
-2.0847,1.2712,0.692157
-1.9831,1.2712,0.784616
-1.8814,1.2712,0.875767
-1.7797,1.2712,0.964978
-1.678,1.2712,1.051626
-1.5763,1.2712,1.135107
-1.4746,1.2712,1.214848
-1.3729,1.2712,1.290312
-1.2712,1.2712,1.361011
-1.1695,1.2712,1.426516
-1.0678,1.2712,1.48647
-0.9661,1.2712,1.5406
-0.8644,1.2712,1.588726
-0.7627,1.2712,1.630771
-0.661,1.2712,1.666764
-0.5593,1.2712,1.696835
-0.4576,1.2712,1.721206
-0.3559,1.2712,1.740161
-0.2542,1.2712,1.754011
-0.1525,1.2712,1.76305
-0.0508,1.2712,1.767506
0.0508,1.2712,1.767506
0.1525,1.2712,1.76305
0.2542,1.2712,1.754011
0.3559,1.2712,1.740161
0.4576,1.2712,1.721206
0.5593,1.2712,1.696835
0.661,1.2712,1.666764
0.7627,1.2712,1.630771
0.8644,1.2712,1.588726
0.9661,1.2712,1.5406
1.0678,1.2712,1.48647
1.1695,1.2712,1.426516
1.2712,1.2712,1.361011
1.3729,1.2712,1.290312
1.4746,1.2712,1.214848
1.5763,1.2712,1.135107
1.678,1.2712,1.051626
1.7797,1.2712,0.964978
1.8814,1.2712,0.875767
1.9831,1.2712,0.784616
2.0847,1.2712,0.692157
2.1864,1.2712,0.599031
2.2881,1.2712,0.505874
2.3898,1.2712,0.413312
2.4915,1.2712,0.321961
2.5932,1.2712,0.232416
2.6949,1.2712,0.145246
2.7966,1.2712,0.060996
2.8983,1.2712,-0.019824
3.0,1.2712,-0.096738
-3.0,1.3729,-0.129043
-2.8983,1.3729,-0.055142
-2.7966,1.3729,0.022656
-2.6949,1.3729,0.103895
-2.5932,1.3729,0.18808
-2.4915,1.3729,0.274689
-2.3898,1.3729,0.36317
-2.2881,1.3729,0.452951
-2.1864,1.3729,0.543437
-2.0847,1.3729,0.634026
-1.9831,1.3729,0.724104
-1.8814,1.3729,0.813057
-1.7797,1.3729,0.900276
-1.678,1.3729,0.985164
-1.5763,1.3729,1.067143
-1.4746,1.3729,1.145662
-1.3729,1.3729,1.220209
-1.2712,1.3729,1.290312
-1.1695,1.3729,1.355559
-1.0678,1.3729,1.415596
-0.9661,1.3729,1.470147
-0.8644,1.3729,1.519012
-0.7627,1.3729,1.562077
-0.661,1.3729,1.599313
-0.5593,1.3729,1.630771
-0.4576,1.3729,1.65657
-0.3559,1.3729,1.676877
-0.2542,1.3729,1.691881
-0.1525,1.3729,1.701764
-0.0508,1.3729,1.706666
0.0508,1.3729,1.706666
0.1525,1.3729,1.701764
0.2542,1.3729,1.691881
0.3559,1.3729,1.676877
0.4576,1.3729,1.65657
0.5593,1.3729,1.630771
0.661,1.3729,1.599313
0.7627,1.3729,1.562077
0.8644,1.3729,1.519012
0.9661,1.3729,1.470147
1.0678,1.3729,1.415596
1.1695,1.3729,1.355559
1.2712,1.3729,1.290312
1.3729,1.3729,1.220209
1.4746,1.3729,1.145662
1.5763,1.3729,1.067143
1.678,1.3729,0.985164
1.7797,1.3729,0.900276
1.8814,1.3729,0.813057
1.9831,1.3729,0.724104
2.0847,1.3729,0.634026
2.1864,1.3729,0.543437
2.2881,1.3729,0.452951
2.3898,1.3729,0.36317
2.4915,1.3729,0.274689
2.5932,1.3729,0.18808
2.6949,1.3729,0.103895
2.7966,1.3729,0.022656
2.8983,1.3729,-0.055142
3.0,1.3729,-0.129043
-3.0,1.4746,-0.162366
-2.8983,1.4746,-0.09165
-2.7966,1.4746,-0.01705
-2.6949,1.4746,0.060996
-2.5932,1.4746,0.142013
-2.4915,1.4746,0.225496
-2.3898,1.4746,0.310915
-2.2881,1.4746,0.397717
-2.1864,1.4746,0.485332
-2.0847,1.4746,0.573177
-1.9831,1.4746,0.660662
-1.8814,1.4746,0.747196
-1.7797,1.4746,0.832195
-1.678,1.4746,0.915082
-1.5763,1.4746,0.995304
-1.4746,1.4746,1.072329
-1.3729,1.4746,1.145662
-1.2712,1.4746,1.214848
-1.1695,1.4746,1.279481
-1.0678,1.4746,1.339212
-0.9661,1.4746,1.393754
-0.8644,1.4746,1.44289
-0.7627,1.4746,1.48647
-0.661,1.4746,1.524418
-0.5593,1.4746,1.55672
-0.4576,1.4746,1.583416
-0.3559,1.4746,1.604589
-0.2542,1.4746,1.62034
-0.1525,1.4746,1.630771
-0.0508,1.4746,1.635964
0.0508,1.4746,1.635964
0.1525,1.4746,1.630771
0.2542,1.4746,1.62034
0.3559,1.4746,1.604589
0.4576,1.4746,1.583416
0.5593,1.4746,1.55672
0.661,1.4746,1.524418
0.7627,1.4746,1.48647
0.8644,1.4746,1.44289
0.9661,1.4746,1.393754
1.0678,1.4746,1.339212
1.1695,1.4746,1.279481
1.2712,1.4746,1.214848
1.3729,1.4746,1.145662
1.4746,1.4746,1.072329
1.5763,1.4746,0.995304
1.678,1.4746,0.915082
1.7797,1.4746,0.832195
1.8814,1.4746,0.747196
1.9831,1.4746,0.660662
2.0847,1.4746,0.573177
2.1864,1.4746,0.485332
2.2881,1.4746,0.397717
2.3898,1.4746,0.310915
2.4915,1.4746,0.225496
2.5932,1.4746,0.142013
2.6949,1.4746,0.060996
2.7966,1.4746,-0.01705
2.8983,1.4746,-0.09165
3.0,1.4746,-0.162366
-3.0,1.5763,-0.196415
-2.8983,1.5763,-0.129043
-2.7966,1.5763,-0.057802
-2.6949,1.5763,0.016884
-2.5932,1.5763,0.09456
-2.4915,1.5763,0.174741
-2.3898,1.5763,0.256917
-2.2881,1.5763,0.340555
-2.1864,1.5763,0.425106
-2.0847,1.5763,0.51001
-1.9831,1.5763,0.594699
-1.8814,1.5763,0.678604
-1.7797,1.5763,0.761161
-1.678,1.5763,0.841816
-1.5763,1.5763,0.920035
-1.4746,1.5763,0.995304
-1.3729,1.5763,1.067143
-1.2712,1.5763,1.135107
-1.1695,1.5763,1.198799
-1.0678,1.5763,1.257866
-0.9661,1.5763,1.312016
-0.8644,1.5763,1.361011
-0.7627,1.5763,1.404675
-0.661,1.5763,1.44289
-0.5593,1.5763,1.475591
-0.4576,1.5763,1.502761
-0.3559,1.5763,1.524418
-0.2542,1.5763,1.5406
-0.1525,1.5763,1.551354
-0.0508,1.5763,1.55672
0.0508,1.5763,1.55672
0.1525,1.5763,1.551354
0.2542,1.5763,1.5406
0.3559,1.5763,1.524418
0.4576,1.5763,1.502761
0.5593,1.5763,1.475591
0.661,1.5763,1.44289
0.7627,1.5763,1.404675
0.8644,1.5763,1.361011
0.9661,1.5763,1.312016
1.0678,1.5763,1.257866
1.1695,1.5763,1.198799
1.2712,1.5763,1.135107
1.3729,1.5763,1.067143
1.4746,1.5763,0.995304
1.5763,1.5763,0.920035
1.678,1.5763,0.841816
1.7797,1.5763,0.761161
1.8814,1.5763,0.678604
1.9831,1.5763,0.594699
2.0847,1.5763,0.51001
2.1864,1.5763,0.425106
2.2881,1.5763,0.340555
2.3898,1.5763,0.256917
2.4915,1.5763,0.174741
2.5932,1.5763,0.09456
2.6949,1.5763,0.016884
2.7966,1.5763,-0.057802
2.8983,1.5763,-0.129043
3.0,1.5763,-0.196415
-3.0,1.678,-0.230892
-2.8983,1.678,-0.167004
-2.7966,1.678,-0.09927
-2.6949,1.678,-0.028097
-2.5932,1.678,0.046081
-2.4915,1.678,0.122797
-2.3898,1.678,0.201561
-2.2881,1.678,0.281861
-2.1864,1.678,0.36317
-2.0847,1.678,0.444948
-1.9831,1.678,0.526649
-1.8814,1.678,0.607724
-1.7797,1.678,0.68763
-1.678,1.678,0.765834
-1.5763,1.678,0.841816
-1.4746,1.678,0.915082
-1.3729,1.678,0.985164
-1.2712,1.678,1.051626
-1.1695,1.678,1.114074
-1.0678,1.678,1.172158
-0.9661,1.678,1.225574
-0.8644,1.678,1.274072
-0.7627,1.678,1.31745
-0.661,1.678,1.355559
-0.5593,1.678,1.388295
-0.4576,1.678,1.415596
-0.3559,1.678,1.437433
-0.2542,1.678,1.453799
-0.1525,1.678,1.4647
-0.0508,1.678,1.470147
0.0508,1.678,1.470147
0.1525,1.678,1.4647
0.2542,1.678,1.453799
0.3559,1.678,1.437433
0.4576,1.678,1.415596
0.5593,1.678,1.388295
0.661,1.678,1.355559
0.7627,1.678,1.31745
0.8644,1.678,1.274072
0.9661,1.678,1.225574
1.0678,1.678,1.172158
1.1695,1.678,1.114074
1.2712,1.678,1.051626
1.3729,1.678,0.985164
1.4746,1.678,0.915082
1.5763,1.678,0.841816
1.678,1.678,0.765834
1.7797,1.678,0.68763
1.8814,1.678,0.607724
1.9831,1.678,0.526649
2.0847,1.678,0.444948
2.1864,1.678,0.36317
2.2881,1.678,0.281861
2.3898,1.678,0.201561
2.4915,1.678,0.122797
2.5932,1.678,0.046081
2.6949,1.678,-0.028097
2.7966,1.678,-0.09927
2.8983,1.678,-0.167004
3.0,1.678,-0.230892
-3.0,1.7797,-0.265489
-2.8983,1.7797,-0.205211
-2.7966,1.7797,-0.141117
-2.6949,1.7797,-0.073592
-2.5932,1.7797,-0.003056
-2.4915,1.7797,0.070047
-2.3898,1.7797,0.145246
-2.2881,1.7797,0.22205
-2.1864,1.7797,0.299952
-2.0847,1.7797,0.378432
-1.9831,1.7797,0.456966
-1.8814,1.7797,0.535025
-1.7797,1.7797,0.612085
-1.678,1.7797,0.68763
-1.5763,1.7797,0.761161
-1.4746,1.7797,0.832195
-1.3729,1.7797,0.900276
-1.2712,1.7797,0.964978
-1.1695,1.7797,1.025911
-1.0678,1.7797,1.082724
-0.9661,1.7797,1.135107
-0.8644,1.7797,1.182797
-0.7627,1.7797,1.225574
-0.661,1.7797,1.263264
-0.5593,1.7797,1.295733
-0.4576,1.7797,1.322886
-0.3559,1.7797,1.344659
-0.2542,1.7797,1.361011
-0.1525,1.7797,1.371921
-0.0508,1.7797,1.377378
0.0508,1.7797,1.377378
0.1525,1.7797,1.371921
0.2542,1.7797,1.361011
0.3559,1.7797,1.344659
0.4576,1.7797,1.322886
0.5593,1.7797,1.295733
0.661,1.7797,1.263264
0.7627,1.7797,1.225574
0.8644,1.7797,1.182797
0.9661,1.7797,1.135107
1.0678,1.7797,1.082724
1.1695,1.7797,1.025911
1.2712,1.7797,0.964978
1.3729,1.7797,0.900276
1.4746,1.7797,0.832195
1.5763,1.7797,0.761161
1.678,1.7797,0.68763
1.7797,1.7797,0.612085
1.8814,1.7797,0.535025
1.9831,1.7797,0.456966
2.0847,1.7797,0.378432
2.1864,1.7797,0.299952
2.2881,1.7797,0.22205
2.3898,1.7797,0.145246
2.4915,1.7797,0.070047
2.5932,1.7797,-0.003056
2.6949,1.7797,-0.073592
2.7966,1.7797,-0.141117
2.8983,1.7797,-0.205211
3.0,1.7797,-0.265489
-3.0,1.8814,-0.299898
-2.8983,1.8814,-0.243339
-2.7966,1.8814,-0.182998
-2.6949,1.8814,-0.119244
-2.5932,1.8814,-0.052474
-2.4915,1.8814,0.016884
-2.3898,1.8814,0.088381
-2.2881,1.8814,0.161544
-2.1864,1.8814,0.235889
-2.0847,1.8814,0.310915
-1.9831,1.8814,0.386118
-1.8814,1.8814,0.46099
-1.7797,1.8814,0.535025
-1.678,1.8814,0.607724
-1.5763,1.8814,0.678604
-1.4746,1.8814,0.747196
-1.3729,1.8814,0.813057
-1.2712,1.8814,0.875767
-1.1695,1.8814,0.934942
-1.0678,1.8814,0.99023
-0.9661,1.8814,1.041318
-0.8644,1.8814,1.087932
-0.7627,1.8814,1.129839
-0.661,1.8814,1.166847
-0.5593,1.8814,1.198799
-0.4576,1.8814,1.225574
-0.3559,1.8814,1.247084
-0.2542,1.8814,1.263264
-0.1525,1.8814,1.274072
-0.0508,1.8814,1.279481
0.0508,1.8814,1.279481
0.1525,1.8814,1.274072
0.2542,1.8814,1.263264
0.3559,1.8814,1.247084
0.4576,1.8814,1.225574
0.5593,1.8814,1.198799
0.661,1.8814,1.166847
0.7627,1.8814,1.129839
0.8644,1.8814,1.087932
0.9661,1.8814,1.041318
1.0678,1.8814,0.99023
1.1695,1.8814,0.934942
1.2712,1.8814,0.875767
1.3729,1.8814,0.813057
1.4746,1.8814,0.747196
1.5763,1.8814,0.678604
1.678,1.8814,0.607724
1.7797,1.8814,0.535025
1.8814,1.8814,0.46099
1.9831,1.8814,0.386118
2.0847,1.8814,0.310915
2.1864,1.8814,0.235889
2.2881,1.8814,0.161544
2.3898,1.8814,0.088381
2.4915,1.8814,0.016884
2.5932,1.8814,-0.052474
2.6949,1.8814,-0.119244
2.7966,1.8814,-0.182998
2.8983,1.8814,-0.243339
3.0,1.8814,-0.299898
-3.0,1.9831,-0.333808
-2.8983,1.9831,-0.28106
-2.7966,1.9831,-0.22457
-2.6949,1.9831,-0.164688
-2.5932,1.9831,-0.101795
-2.4915,1.9831,-0.036296
-2.3898,1.9831,0.031378
-2.2881,1.9831,0.100775
-2.1864,1.9831,0.171429
-2.0847,1.9831,0.242862
-1.9831,1.9831,0.314588
-1.8814,1.9831,0.386118
-1.7797,1.9831,0.456966
-1.678,1.9831,0.526649
-1.5763,1.9831,0.594699
-1.4746,1.9831,0.660662
-1.3729,1.9831,0.724104
-1.2712,1.9831,0.784616
-1.1695,1.9831,0.841816
-1.0678,1.9831,0.895357
-0.9661,1.9831,0.944921
-0.8644,1.9831,0.99023
-0.7627,1.9831,1.031039
-0.661,1.9831,1.067143
-0.5593,1.9831,1.098368
-0.4576,1.9831,1.124578
-0.3559,1.9831,1.145662
-0.2542,1.9831,1.161542
-0.1525,1.9831,1.172158
-0.0508,1.9831,1.177475
0.0508,1.9831,1.177475
0.1525,1.9831,1.172158
0.2542,1.9831,1.161542
0.3559,1.9831,1.145662
0.4576,1.9831,1.124578
0.5593,1.9831,1.098368
0.661,1.9831,1.067143
0.7627,1.9831,1.031039
0.8644,1.9831,0.99023
0.9661,1.9831,0.944921
1.0678,1.9831,0.895357
1.1695,1.9831,0.841816
1.2712,1.9831,0.784616
1.3729,1.9831,0.724104
1.4746,1.9831,0.660662
1.5763,1.9831,0.594699
1.678,1.9831,0.526649
1.7797,1.9831,0.456966
1.8814,1.9831,0.386118
1.9831,1.9831,0.314588
2.0847,1.9831,0.242862
2.1864,1.9831,0.171429
2.2881,1.9831,0.100775
2.3898,1.9831,0.031378
2.4915,1.9831,-0.036296
2.5932,1.9831,-0.101795
2.6949,1.9831,-0.164688
2.7966,1.9831,-0.22457
2.8983,1.9831,-0.28106
3.0,1.9831,-0.333808
-3.0,2.0847,-0.366914
-2.8983,2.0847,-0.318049
-2.7966,2.0847,-0.265489
-2.6949,2.0847,-0.209565
-2.5932,2.0847,-0.150637
-2.4915,2.0847,-0.089094
-2.3898,2.0847,-0.025347
-2.2881,2.0847,0.040174
-2.1864,2.0847,0.107023
-2.0847,2.0847,0.174741
-1.9831,2.0847,0.242862
-1.8814,2.0847,0.310915
-1.7797,2.0847,0.378432
-1.678,2.0847,0.444948
-1.5763,2.0847,0.51001
-1.4746,2.0847,0.573177
-1.3729,2.0847,0.634026
-1.2712,2.0847,0.692157
-1.1695,2.0847,0.747196
-1.0678,2.0847,0.798796
-0.9661,2.0847,0.846641
-0.8644,2.0847,0.890447
-0.7627,2.0847,0.929965
-0.661,2.0847,0.964978
-0.5593,2.0847,0.995304
-0.4576,2.0847,1.020791
-0.3559,2.0847,1.041318
-0.2542,2.0847,1.056791
-0.1525,2.0847,1.067143
-0.0508,2.0847,1.072329
0.0508,2.0847,1.072329
0.1525,2.0847,1.067143
0.2542,2.0847,1.056791
0.3559,2.0847,1.041318
0.4576,2.0847,1.020791
0.5593,2.0847,0.995304
0.661,2.0847,0.964978
0.7627,2.0847,0.929965
0.8644,2.0847,0.890447
0.9661,2.0847,0.846641
1.0678,2.0847,0.798796
1.1695,2.0847,0.747196
1.2712,2.0847,0.692157
1.3729,2.0847,0.634026
1.4746,2.0847,0.573177
1.5763,2.0847,0.51001
1.678,2.0847,0.444948
1.7797,2.0847,0.378432
1.8814,2.0847,0.310915
1.9831,2.0847,0.242862
2.0847,2.0847,0.174741
2.1864,2.0847,0.107023
2.2881,2.0847,0.040174
2.3898,2.0847,-0.025347
2.4915,2.0847,-0.089094
2.5932,2.0847,-0.150637
2.6949,2.0847,-0.209565
2.7966,2.0847,-0.265489
2.8983,2.0847,-0.318049
3.0,2.0847,-0.366914
-3.0,2.1864,-0.398911
-2.8983,2.1864,-0.353985
-2.7966,2.1864,-0.305415
-2.6949,2.1864,-0.253514
-2.5932,2.1864,-0.198625
-2.4915,2.1864,-0.141117
-2.3898,2.1864,-0.081379
-2.2881,2.1864,-0.019824
-2.1864,2.1864,0.043124
-2.0847,2.1864,0.107023
-1.9831,2.1864,0.171429
-1.8814,2.1864,0.235889
-1.7797,2.1864,0.299952
-1.678,2.1864,0.36317
-1.5763,2.1864,0.425106
-1.4746,2.1864,0.485332
-1.3729,2.1864,0.543437
-1.2712,2.1864,0.599031
-1.1695,2.1864,0.651746
-1.0678,2.1864,0.701239
-0.9661,2.1864,0.747196
-0.8644,2.1864,0.789333
-0.7627,2.1864,0.827397
-0.661,2.1864,0.861165
-0.5593,2.1864,0.890447
-0.4576,2.1864,0.915082
-0.3559,2.1864,0.934942
-0.2542,2.1864,0.949923
-0.1525,2.1864,0.959952
-0.0508,2.1864,0.964978
0.0508,2.1864,0.964978
0.1525,2.1864,0.959952
0.2542,2.1864,0.949923
0.3559,2.1864,0.934942
0.4576,2.1864,0.915082
0.5593,2.1864,0.890447
0.661,2.1864,0.861165
0.7627,2.1864,0.827397
0.8644,2.1864,0.789333
0.9661,2.1864,0.747196
1.0678,2.1864,0.701239
1.1695,2.1864,0.651746
1.2712,2.1864,0.599031
1.3729,2.1864,0.543437
1.4746,2.1864,0.485332
1.5763,2.1864,0.425106
1.678,2.1864,0.36317
1.7797,2.1864,0.299952
1.8814,2.1864,0.235889
1.9831,2.1864,0.171429
2.0847,2.1864,0.107023
2.1864,2.1864,0.043124
2.2881,2.1864,-0.019824
2.3898,2.1864,-0.081379
2.4915,2.1864,-0.141117
2.5932,2.1864,-0.198625
2.6949,2.1864,-0.253514
2.7966,2.1864,-0.305415
2.8983,2.1864,-0.353985
3.0,2.1864,-0.398911
-3.0,2.2881,-0.429506
-2.8983,2.2881,-0.388554
-2.7966,2.2881,-0.344015
-2.6949,2.2881,-0.296186
-2.5932,2.2881,-0.245388
-2.4915,2.2881,-0.191973
-2.3898,2.2881,-0.13631
-2.2881,2.2881,-0.078792
-2.1864,2.2881,-0.019824
-2.0847,2.2881,0.040174
-1.9831,2.2881,0.100775
-1.8814,2.2881,0.161544
-1.7797,2.2881,0.22205
-1.678,2.2881,0.281861
-1.5763,2.2881,0.340555
-1.4746,2.2881,0.397717
-1.3729,2.2881,0.452951
-1.2712,2.2881,0.505874
-1.1695,2.2881,0.556127
-1.0678,2.2881,0.603373
-0.9661,2.2881,0.647302
-0.8644,2.2881,0.68763
-0.7627,2.2881,0.724104
-0.661,2.2881,0.756497
-0.5593,2.2881,0.784616
-0.4576,2.2881,0.808294
-0.3559,2.2881,0.827397
-0.2542,2.2881,0.841816
-0.1525,2.2881,0.851473
-0.0508,2.2881,0.856315
0.0508,2.2881,0.856315
0.1525,2.2881,0.851473
0.2542,2.2881,0.841816
0.3559,2.2881,0.827397
0.4576,2.2881,0.808294
0.5593,2.2881,0.784616
0.661,2.2881,0.756497
0.7627,2.2881,0.724104
0.8644,2.2881,0.68763
0.9661,2.2881,0.647302
1.0678,2.2881,0.603373
1.1695,2.2881,0.556127
1.2712,2.2881,0.505874
1.3729,2.2881,0.452951
1.4746,2.2881,0.397717
1.5763,2.2881,0.340555
1.678,2.2881,0.281861
1.7797,2.2881,0.22205
1.8814,2.2881,0.161544
1.9831,2.2881,0.100775
2.0847,2.2881,0.040174
2.1864,2.2881,-0.019824
2.2881,2.2881,-0.078792
2.3898,2.2881,-0.13631
2.4915,2.2881,-0.191973
2.5932,2.2881,-0.245388
2.6949,2.2881,-0.296186
2.7966,2.2881,-0.344015
2.8983,2.2881,-0.388554
3.0,2.2881,-0.429506
-3.0,2.3898,-0.458414
-2.8983,2.3898,-0.421452
-2.7966,2.3898,-0.380968
-2.6949,2.3898,-0.337237
-2.5932,2.3898,-0.290566
-2.4915,2.3898,-0.241283
-2.3898,2.3898,-0.18974
-2.2881,2.3898,-0.13631
-2.1864,2.3898,-0.081379
-2.0847,2.3898,-0.025347
-1.9831,2.3898,0.031378
-1.8814,2.3898,0.088381
-1.7797,2.3898,0.145246
-1.678,2.3898,0.201561
-1.5763,2.3898,0.256917
-1.4746,2.3898,0.310915
-1.3729,2.3898,0.36317
-1.2712,2.3898,0.413312
-1.1695,2.3898,0.46099
-1.0678,2.3898,0.505874
-0.9661,2.3898,0.547658
-0.8644,2.3898,0.586062
-0.7627,2.3898,0.620833
-0.661,2.3898,0.651746
-0.5593,2.3898,0.678604
-0.4576,2.3898,0.701239
-0.3559,2.3898,0.719512
-0.2542,2.3898,0.733313
-0.1525,2.3898,0.74256
-0.0508,2.3898,0.747196
0.0508,2.3898,0.747196
0.1525,2.3898,0.74256
0.2542,2.3898,0.733313
0.3559,2.3898,0.719512
0.4576,2.3898,0.701239
0.5593,2.3898,0.678604
0.661,2.3898,0.651746
0.7627,2.3898,0.620833
0.8644,2.3898,0.586062
0.9661,2.3898,0.547658
1.0678,2.3898,0.505874
1.1695,2.3898,0.46099
1.2712,2.3898,0.413312
1.3729,2.3898,0.36317
1.4746,2.3898,0.310915
1.5763,2.3898,0.256917
1.678,2.3898,0.201561
1.7797,2.3898,0.145246
1.8814,2.3898,0.088381
1.9831,2.3898,0.031378
2.0847,2.3898,-0.025347
2.1864,2.3898,-0.081379
2.2881,2.3898,-0.13631
2.3898,2.3898,-0.18974
2.4915,2.3898,-0.241283
2.5932,2.3898,-0.290566
2.6949,2.3898,-0.337237
2.7966,2.3898,-0.380968
2.8983,2.3898,-0.421452
3.0,2.3898,-0.458414
-3.0,2.4915,-0.485364
-2.8983,2.4915,-0.452391
-2.7966,2.4915,-0.415963
-2.6949,2.4915,-0.37634
-2.5932,2.4915,-0.333808
-2.4915,2.4915,-0.288678
-2.3898,2.4915,-0.241283
-2.2881,2.4915,-0.191973
-2.1864,2.4915,-0.141117
-2.0847,2.4915,-0.089094
-1.9831,2.4915,-0.036296
-1.8814,2.4915,0.016884
-1.7797,2.4915,0.070047
-1.678,2.4915,0.122797
-1.5763,2.4915,0.174741
-1.4746,2.4915,0.225496
-1.3729,2.4915,0.274689
-1.2712,2.4915,0.321961
-1.1695,2.4915,0.366972
-1.0678,2.4915,0.4094
-0.9661,2.4915,0.448945
-0.8644,2.4915,0.485332
-0.7627,2.4915,0.518311
-0.661,2.4915,0.547658
-0.5593,2.4915,0.573177
-0.4576,2.4915,0.594699
-0.3559,2.4915,0.612085
-0.2542,2.4915,0.625222
-0.1525,2.4915,0.634026
-0.0508,2.4915,0.638442
0.0508,2.4915,0.638442
0.1525,2.4915,0.634026
0.2542,2.4915,0.625222
0.3559,2.4915,0.612085
0.4576,2.4915,0.594699
0.5593,2.4915,0.573177
0.661,2.4915,0.547658
0.7627,2.4915,0.518311
0.8644,2.4915,0.485332
0.9661,2.4915,0.448945
1.0678,2.4915,0.4094
1.1695,2.4915,0.366972
1.2712,2.4915,0.321961
1.3729,2.4915,0.274689
1.4746,2.4915,0.225496
1.5763,2.4915,0.174741
1.678,2.4915,0.122797
1.7797,2.4915,0.070047
1.8814,2.4915,0.016884
1.9831,2.4915,-0.036296
2.0847,2.4915,-0.089094
2.1864,2.4915,-0.141117
2.2881,2.4915,-0.191973
2.3898,2.4915,-0.241283
2.4915,2.4915,-0.288678
2.5932,2.4915,-0.333808
2.6949,2.4915,-0.37634
2.7966,2.4915,-0.415963
2.8983,2.4915,-0.452391
3.0,2.4915,-0.485364
-3.0,2.5932,-0.510101
-2.8983,2.5932,-0.481095
-2.7966,2.5932,-0.448708
-2.6949,2.5932,-0.413182
-2.5932,2.5932,-0.374785
-2.4915,2.5932,-0.333808
-2.3898,2.5932,-0.290566
-2.2881,2.5932,-0.245388
-2.1864,2.5932,-0.198625
-2.0847,2.5932,-0.150637
-1.9831,2.5932,-0.101795
-1.8814,2.5932,-0.052474
-1.7797,2.5932,-0.003056
-1.678,2.5932,0.046081
-1.5763,2.5932,0.09456
-1.4746,2.5932,0.142013
-1.3729,2.5932,0.18808
-1.2712,2.5932,0.232416
-1.1695,2.5932,0.274689
-1.0678,2.5932,0.314588
-0.9661,2.5932,0.351821
-0.8644,2.5932,0.386118
-0.7627,2.5932,0.417234
-0.661,2.5932,0.444948
-0.5593,2.5932,0.469067
-0.4576,2.5932,0.489422
-0.3559,2.5932,0.505874
-0.2542,2.5932,0.518311
-0.1525,2.5932,0.526649
-0.0508,2.5932,0.530832
0.0508,2.5932,0.530832
0.1525,2.5932,0.526649
0.2542,2.5932,0.518311
0.3559,2.5932,0.505874
0.4576,2.5932,0.489422
0.5593,2.5932,0.469067
0.661,2.5932,0.444948
0.7627,2.5932,0.417234
0.8644,2.5932,0.386118
0.9661,2.5932,0.351821
1.0678,2.5932,0.314588
1.1695,2.5932,0.274689
1.2712,2.5932,0.232416
1.3729,2.5932,0.18808
1.4746,2.5932,0.142013
1.5763,2.5932,0.09456
1.678,2.5932,0.046081
1.7797,2.5932,-0.003056
1.8814,2.5932,-0.052474
1.9831,2.5932,-0.101795
2.0847,2.5932,-0.150637
2.1864,2.5932,-0.198625
2.2881,2.5932,-0.245388
2.3898,2.5932,-0.290566
2.4915,2.5932,-0.333808
2.5932,2.5932,-0.374785
2.6949,2.5932,-0.413182
2.7966,2.5932,-0.448708
2.8983,2.5932,-0.481095
3.0,2.5932,-0.510101
-3.0,2.6949,-0.532386
-2.8983,2.6949,-0.507307
-2.7966,2.6949,-0.478927
-2.6949,2.6949,-0.447469
-2.5932,2.6949,-0.413182
-2.4915,2.6949,-0.37634
-2.3898,2.6949,-0.337237
-2.2881,2.6949,-0.296186
-2.1864,2.6949,-0.253514
-2.0847,2.6949,-0.209565
-1.9831,2.6949,-0.164688
-1.8814,2.6949,-0.119244
-1.7797,2.6949,-0.073592
-1.678,2.6949,-0.028097
-1.5763,2.6949,0.016884
-1.4746,2.6949,0.060996
-1.3729,2.6949,0.103895
-1.2712,2.6949,0.145246
-1.1695,2.6949,0.184732
-1.0678,2.6949,0.22205
-0.9661,2.6949,0.256917
-0.8644,2.6949,0.28907
-0.7627,2.6949,0.31827
-0.661,2.6949,0.344301
-0.5593,2.6949,0.366972
-0.4576,2.6949,0.386118
-0.3559,2.6949,0.401602
-0.2542,2.6949,0.413312
-0.1525,2.6949,0.421166
-0.0508,2.6949,0.425106
0.0508,2.6949,0.425106
0.1525,2.6949,0.421166
0.2542,2.6949,0.413312
0.3559,2.6949,0.401602
0.4576,2.6949,0.386118
0.5593,2.6949,0.366972
0.661,2.6949,0.344301
0.7627,2.6949,0.31827
0.8644,2.6949,0.28907
0.9661,2.6949,0.256917
1.0678,2.6949,0.22205
1.1695,2.6949,0.184732
1.2712,2.6949,0.145246
1.3729,2.6949,0.103895
1.4746,2.6949,0.060996
1.5763,2.6949,0.016884
1.678,2.6949,-0.028097
1.7797,2.6949,-0.073592
1.8814,2.6949,-0.119244
1.9831,2.6949,-0.164688
2.0847,2.6949,-0.209565
2.1864,2.6949,-0.253514
2.2881,2.6949,-0.296186
2.3898,2.6949,-0.337237
2.4915,2.6949,-0.37634
2.5932,2.6949,-0.413182
2.6949,2.6949,-0.447469
2.7966,2.6949,-0.478927
2.8983,2.6949,-0.507307
3.0,2.6949,-0.532386
-3.0,2.7966,-0.552001
-2.8983,2.7966,-0.530792
-2.7966,2.7966,-0.506365
-2.6949,2.7966,-0.478927
-2.5932,2.7966,-0.448708
-2.4915,2.7966,-0.415963
-2.3898,2.7966,-0.380968
-2.2881,2.7966,-0.344015
-2.1864,2.7966,-0.305415
-2.0847,2.7966,-0.265489
-1.9831,2.7966,-0.22457
-1.8814,2.7966,-0.182998
-1.7797,2.7966,-0.141117
-1.678,2.7966,-0.09927
-1.5763,2.7966,-0.057802
-1.4746,2.7966,-0.01705
-1.3729,2.7966,0.022656
-1.2712,2.7966,0.060996
-1.1695,2.7966,0.097663
-1.0678,2.7966,0.132366
-0.9661,2.7966,0.16483
-0.8644,2.7966,0.194803
-0.7627,2.7966,0.22205
-0.661,2.7966,0.246362
-0.5593,2.7966,0.267553
-0.4576,2.7966,0.285461
-0.3559,2.7966,0.299952
-0.2542,2.7966,0.310915
-0.1525,2.7966,0.31827
-0.0508,2.7966,0.321961
0.0508,2.7966,0.321961
0.1525,2.7966,0.31827
0.2542,2.7966,0.310915
0.3559,2.7966,0.299952
0.4576,2.7966,0.285461
0.5593,2.7966,0.267553
0.661,2.7966,0.246362
0.7627,2.7966,0.22205
0.8644,2.7966,0.194803
0.9661,2.7966,0.16483
1.0678,2.7966,0.132366
1.1695,2.7966,0.097663
1.2712,2.7966,0.060996
1.3729,2.7966,0.022656
1.4746,2.7966,-0.01705
1.5763,2.7966,-0.057802
1.678,2.7966,-0.09927
1.7797,2.7966,-0.141117
1.8814,2.7966,-0.182998
1.9831,2.7966,-0.22457
2.0847,2.7966,-0.265489
2.1864,2.7966,-0.305415
2.2881,2.7966,-0.344015
2.3898,2.7966,-0.380968
2.4915,2.7966,-0.415963
2.5932,2.7966,-0.448708
2.6949,2.7966,-0.478927
2.7966,2.7966,-0.506365
2.8983,2.7966,-0.530792
3.0,2.7966,-0.552001
-3.0,2.8983,-0.568751
-2.8983,2.8983,-0.551337
-2.7966,2.8983,-0.530792
-2.6949,2.8983,-0.507307
-2.5932,2.8983,-0.481095
-2.4915,2.8983,-0.452391
-2.3898,2.8983,-0.421452
-2.2881,2.8983,-0.388554
-2.1864,2.8983,-0.353985
-2.0847,2.8983,-0.318049
-1.9831,2.8983,-0.28106
-1.8814,2.8983,-0.243339
-1.7797,2.8983,-0.205211
-1.678,2.8983,-0.167004
-1.5763,2.8983,-0.129043
-1.4746,2.8983,-0.09165
-1.3729,2.8983,-0.055142
-1.2712,2.8983,-0.019824
-1.1695,2.8983,0.014011
-1.0678,2.8983,0.046081
-0.9661,2.8983,0.076124
-0.8644,2.8983,0.103895
-0.7627,2.8983,0.129167
-0.661,2.8983,0.151739
-0.5593,2.8983,0.171429
-0.4576,2.8983,0.18808
-0.3559,2.8983,0.201561
-0.2542,2.8983,0.211765
-0.1525,2.8983,0.218613
-0.0508,2.8983,0.22205
0.0508,2.8983,0.22205
0.1525,2.8983,0.218613
0.2542,2.8983,0.211765
0.3559,2.8983,0.201561
0.4576,2.8983,0.18808
0.5593,2.8983,0.171429
0.661,2.8983,0.151739
0.7627,2.8983,0.129167
0.8644,2.8983,0.103895
0.9661,2.8983,0.076124
1.0678,2.8983,0.046081
1.1695,2.8983,0.014011
1.2712,2.8983,-0.019824
1.3729,2.8983,-0.055142
1.4746,2.8983,-0.09165
1.5763,2.8983,-0.129043
1.678,2.8983,-0.167004
1.7797,2.8983,-0.205211
1.8814,2.8983,-0.243339
1.9831,2.8983,-0.28106
2.0847,2.8983,-0.318049
2.1864,2.8983,-0.353985
2.2881,2.8983,-0.388554
2.3898,2.8983,-0.421452
2.4915,2.8983,-0.452391
2.5932,2.8983,-0.481095
2.6949,2.8983,-0.507307
2.7966,2.8983,-0.530792
2.8983,2.8983,-0.551337
3.0,2.8983,-0.568751
-3.0,3.0,-0.582464
-2.8983,3.0,-0.568751
-2.7966,3.0,-0.552001
-2.6949,3.0,-0.532386
-2.5932,3.0,-0.510101
-2.4915,3.0,-0.485364
-2.3898,3.0,-0.458414
-2.2881,3.0,-0.429506
-2.1864,3.0,-0.398911
-2.0847,3.0,-0.366914
-1.9831,3.0,-0.333808
-1.8814,3.0,-0.299898
-1.7797,3.0,-0.265489
-1.678,3.0,-0.230892
-1.5763,3.0,-0.196415
-1.4746,3.0,-0.162366
-1.3729,3.0,-0.129043
-1.2712,3.0,-0.096738
-1.1695,3.0,-0.065733
-1.0678,3.0,-0.036296
-0.9661,3.0,-0.008678
-0.8644,3.0,0.016884
-0.7627,3.0,0.040174
-0.661,3.0,0.060996
-0.5593,3.0,0.079175
-0.4576,3.0,0.09456
-0.3559,3.0,0.107023
-0.2542,3.0,0.116462
-0.1525,3.0,0.122797
-0.0508,3.0,0.125978
0.0508,3.0,0.125978
0.1525,3.0,0.122797
0.2542,3.0,0.116462
0.3559,3.0,0.107023
0.4576,3.0,0.09456
0.5593,3.0,0.079175
0.661,3.0,0.060996
0.7627,3.0,0.040174
0.8644,3.0,0.016884
0.9661,3.0,-0.008678
1.0678,3.0,-0.036296
1.1695,3.0,-0.065733
1.2712,3.0,-0.096738
1.3729,3.0,-0.129043
1.4746,3.0,-0.162366
1.5763,3.0,-0.196415
1.678,3.0,-0.230892
1.7797,3.0,-0.265489
1.8814,3.0,-0.299898
1.9831,3.0,-0.333808
2.0847,3.0,-0.366914
2.1864,3.0,-0.398911
2.2881,3.0,-0.429506
2.3898,3.0,-0.458414
2.4915,3.0,-0.485364
2.5932,3.0,-0.510101
2.6949,3.0,-0.532386
2.7966,3.0,-0.552001
2.8983,3.0,-0.568751
3.0,3.0,-0.582464
