x,y,u,v,强度
-2.0,-2.0,2.0,-2.0,2.8284
-1.7143,-2.0,2.0,-1.7143,2.6342
-1.4286,-2.0,2.0,-1.4286,2.4578
-1.1429,-2.0,2.0,-1.1429,2.3035
-0.8571,-2.0,2.0,-0.8571,2.1759
-0.5714,-2.0,2.0,-0.5714,2.08
-0.2857,-2.0,2.0,-0.2857,2.0203
0.0,-2.0,2.0,0.0,2.0
0.2857,-2.0,2.0,0.2857,2.0203
0.5714,-2.0,2.0,0.5714,2.08
0.8571,-2.0,2.0,0.8571,2.1759
1.1429,-2.0,2.0,1.1429,2.3035
1.4286,-2.0,2.0,1.4286,2.4578
1.7143,-2.0,2.0,1.7143,2.6342
2.0,-2.0,2.0,2.0,2.8284
-2.0,-1.7143,1.7143,-2.0,2.6342
-1.7143,-1.7143,1.7143,-1.7143,2.4244
-1.4286,-1.7143,1.7143,-1.4286,2.2315
-1.1429,-1.7143,1.7143,-1.1429,2.0603
-0.8571,-1.7143,1.7143,-0.8571,1.9166
-0.5714,-1.7143,1.7143,-0.5714,1.807
-0.2857,-1.7143,1.7143,-0.2857,1.7379
0.0,-1.7143,1.7143,0.0,1.7143
0.2857,-1.7143,1.7143,0.2857,1.7379
0.5714,-1.7143,1.7143,0.5714,1.807
0.8571,-1.7143,1.7143,0.8571,1.9166
1.1429,-1.7143,1.7143,1.1429,2.0603
1.4286,-1.7143,1.7143,1.4286,2.2315
1.7143,-1.7143,1.7143,1.7143,2.4244
2.0,-1.7143,1.7143,2.0,2.6342
-2.0,-1.4286,1.4286,-2.0,2.4578
-1.7143,-1.4286,1.4286,-1.7143,2.2315
-1.4286,-1.4286,1.4286,-1.4286,2.0203
-1.1429,-1.4286,1.4286,-1.1429,1.8295
-0.8571,-1.4286,1.4286,-0.8571,1.666
-0.5714,-1.4286,1.4286,-0.5714,1.5386
-0.2857,-1.4286,1.4286,-0.2857,1.4569
0.0,-1.4286,1.4286,0.0,1.4286
0.2857,-1.4286,1.4286,0.2857,1.4569
0.5714,-1.4286,1.4286,0.5714,1.5386
0.8571,-1.4286,1.4286,0.8571,1.666
1.1429,-1.4286,1.4286,1.1429,1.8295
1.4286,-1.4286,1.4286,1.4286,2.0203
1.7143,-1.4286,1.4286,1.7143,2.2315
2.0,-1.4286,1.4286,2.0,2.4578
-2.0,-1.1429,1.1429,-2.0,2.3035
-1.7143,-1.1429,1.1429,-1.7143,2.0603
-1.4286,-1.1429,1.1429,-1.4286,1.8295
-1.1429,-1.1429,1.1429,-1.1429,1.6162
-0.8571,-1.1429,1.1429,-0.8571,1.4286
-0.5714,-1.1429,1.1429,-0.5714,1.2778
-0.2857,-1.1429,1.1429,-0.2857,1.178
0.0,-1.1429,1.1429,0.0,1.1429
0.2857,-1.1429,1.1429,0.2857,1.178
0.5714,-1.1429,1.1429,0.5714,1.2778
0.8571,-1.1429,1.1429,0.8571,1.4286
1.1429,-1.1429,1.1429,1.1429,1.6162
1.4286,-1.1429,1.1429,1.4286,1.8295
1.7143,-1.1429,1.1429,1.7143,2.0603
2.0,-1.1429,1.1429,2.0,2.3035
-2.0,-0.8571,0.8571,-2.0,2.1759
-1.7143,-0.8571,0.8571,-1.7143,1.9166
-1.4286,-0.8571,0.8571,-1.4286,1.666
-1.1429,-0.8571,0.8571,-1.1429,1.4286
-0.8571,-0.8571,0.8571,-0.8571,1.2122
-0.5714,-0.8571,0.8571,-0.5714,1.0302
-0.2857,-0.8571,0.8571,-0.2857,0.9035
0.0,-0.8571,0.8571,0.0,0.8571
0.2857,-0.8571,0.8571,0.2857,0.9035
0.5714,-0.8571,0.8571,0.5714,1.0302
0.8571,-0.8571,0.8571,0.8571,1.2122
1.1429,-0.8571,0.8571,1.1429,1.4286
1.4286,-0.8571,0.8571,1.4286,1.666
1.7143,-0.8571,0.8571,1.7143,1.9166
2.0,-0.8571,0.8571,2.0,2.1759
-2.0,-0.5714,0.5714,-2.0,2.08
-1.7143,-0.5714,0.5714,-1.7143,1.807
-1.4286,-0.5714,0.5714,-1.4286,1.5386
-1.1429,-0.5714,0.5714,-1.1429,1.2778
-0.8571,-0.5714,0.5714,-0.8571,1.0302
-0.5714,-0.5714,0.5714,-0.5714,0.8081
-0.2857,-0.5714,0.5714,-0.2857,0.6389
0.0,-0.5714,0.5714,0.0,0.5714
0.2857,-0.5714,0.5714,0.2857,0.6389
0.5714,-0.5714,0.5714,0.5714,0.8081
0.8571,-0.5714,0.5714,0.8571,1.0302
1.1429,-0.5714,0.5714,1.1429,1.2778
1.4286,-0.5714,0.5714,1.4286,1.5386
1.7143,-0.5714,0.5714,1.7143,1.807
2.0,-0.5714,0.5714,2.0,2.08
-2.0,-0.2857,0.2857,-2.0,2.0203
-1.7143,-0.2857,0.2857,-1.7143,1.7379
-1.4286,-0.2857,0.2857,-1.4286,1.4569
-1.1429,-0.2857,0.2857,-1.1429,1.178
-0.8571,-0.2857,0.2857,-0.8571,0.9035
-0.5714,-0.2857,0.2857,-0.5714,0.6389
-0.2857,-0.2857,0.2857,-0.2857,0.4041
0.0,-0.2857,0.2857,0.0,0.2857
0.2857,-0.2857,0.2857,0.2857,0.4041
0.5714,-0.2857,0.2857,0.5714,0.6389
0.8571,-0.2857,0.2857,0.8571,0.9035
1.1429,-0.2857,0.2857,1.1429,1.178
1.4286,-0.2857,0.2857,1.4286,1.4569
1.7143,-0.2857,0.2857,1.7143,1.7379
2.0,-0.2857,0.2857,2.0,2.0203
-2.0,0.0,-0.0,-2.0,2.0
-1.7143,0.0,-0.0,-1.7143,1.7143
-1.4286,0.0,-0.0,-1.4286,1.4286
-1.1429,0.0,-0.0,-1.1429,1.1429
-0.8571,0.0,-0.0,-0.8571,0.8571
-0.5714,0.0,-0.0,-0.5714,0.5714
-0.2857,0.0,-0.0,-0.2857,0.2857
0.0,0.0,-0.0,0.0,0.0
0.2857,0.0,-0.0,0.2857,0.2857
0.5714,0.0,-0.0,0.5714,0.5714
0.8571,0.0,-0.0,0.8571,0.8571
1.1429,0.0,-0.0,1.1429,1.1429
1.4286,0.0,-0.0,1.4286,1.4286
1.7143,0.0,-0.0,1.7143,1.7143
2.0,0.0,-0.0,2.0,2.0
-2.0,0.2857,-0.2857,-2.0,2.0203
-1.7143,0.2857,-0.2857,-1.7143,1.7379
-1.4286,0.2857,-0.2857,-1.4286,1.4569
-1.1429,0.2857,-0.2857,-1.1429,1.178
-0.8571,0.2857,-0.2857,-0.8571,0.9035
-0.5714,0.2857,-0.2857,-0.5714,0.6389
-0.2857,0.2857,-0.2857,-0.2857,0.4041
0.0,0.2857,-0.2857,0.0,0.2857
0.2857,0.2857,-0.2857,0.2857,0.4041
0.5714,0.2857,-0.2857,0.5714,0.6389
0.8571,0.2857,-0.2857,0.8571,0.9035
1.1429,0.2857,-0.2857,1.1429,1.178
1.4286,0.2857,-0.2857,1.4286,1.4569
1.7143,0.2857,-0.2857,1.7143,1.7379
2.0,0.2857,-0.2857,2.0,2.0203
-2.0,0.5714,-0.5714,-2.0,2.08
-1.7143,0.5714,-0.5714,-1.7143,1.807
-1.4286,0.5714,-0.5714,-1.4286,1.5386
-1.1429,0.5714,-0.5714,-1.1429,1.2778
-0.8571,0.5714,-0.5714,-0.8571,1.0302
-0.5714,0.5714,-0.5714,-0.5714,0.8081
-0.2857,0.5714,-0.5714,-0.2857,0.6389
0.0,0.5714,-0.5714,0.0,0.5714
0.2857,0.5714,-0.5714,0.2857,0.6389
0.5714,0.5714,-0.5714,0.5714,0.8081
0.8571,0.5714,-0.5714,0.8571,1.0302
1.1429,0.5714,-0.5714,1.1429,1.2778
1.4286,0.5714,-0.5714,1.4286,1.5386
1.7143,0.5714,-0.5714,1.7143,1.807
2.0,0.5714,-0.5714,2.0,2.08
-2.0,0.8571,-0.8571,-2.0,2.1759
-1.7143,0.8571,-0.8571,-1.7143,1.9166
-1.4286,0.8571,-0.8571,-1.4286,1.666
-1.1429,0.8571,-0.8571,-1.1429,1.4286
-0.8571,0.8571,-0.8571,-0.8571,1.2122
-0.5714,0.8571,-0.8571,-0.5714,1.0302
-0.2857,0.8571,-0.8571,-0.2857,0.9035
0.0,0.8571,-0.8571,0.0,0.8571
0.2857,0.8571,-0.8571,0.2857,0.9035
0.5714,0.8571,-0.8571,0.5714,1.0302
0.8571,0.8571,-0.8571,0.8571,1.2122
1.1429,0.8571,-0.8571,1.1429,1.4286
1.4286,0.8571,-0.8571,1.4286,1.666
1.7143,0.8571,-0.8571,1.7143,1.9166
2.0,0.8571,-0.8571,2.0,2.1759
-2.0,1.1429,-1.1429,-2.0,2.3035
-1.7143,1.1429,-1.1429,-1.7143,2.0603
-1.4286,1.1429,-1.1429,-1.4286,1.8295
-1.1429,1.1429,-1.1429,-1.1429,1.6162
-0.8571,1.1429,-1.1429,-0.8571,1.4286
-0.5714,1.1429,-1.1429,-0.5714,1.2778
-0.2857,1.1429,-1.1429,-0.2857,1.178
0.0,1.1429,-1.1429,0.0,1.1429
0.2857,1.1429,-1.1429,0.2857,1.178
0.5714,1.1429,-1.1429,0.5714,1.2778
0.8571,1.1429,-1.1429,0.8571,1.4286
1.1429,1.1429,-1.1429,1.1429,1.6162
1.4286,1.1429,-1.1429,1.4286,1.8295
1.7143,1.1429,-1.1429,1.7143,2.0603
2.0,1.1429,-1.1429,2.0,2.3035
-2.0,1.4286,-1.4286,-2.0,2.4578
-1.7143,1.4286,-1.4286,-1.7143,2.2315
-1.4286,1.4286,-1.4286,-1.4286,2.0203
-1.1429,1.4286,-1.4286,-1.1429,1.8295
-0.8571,1.4286,-1.4286,-0.8571,1.666
-0.5714,1.4286,-1.4286,-0.5714,1.5386
-0.2857,1.4286,-1.4286,-0.2857,1.4569
0.0,1.4286,-1.4286,0.0,1.4286
0.2857,1.4286,-1.4286,0.2857,1.4569
0.5714,1.4286,-1.4286,0.5714,1.5386
0.8571,1.4286,-1.4286,0.8571,1.666
1.1429,1.4286,-1.4286,1.1429,1.8295
1.4286,1.4286,-1.4286,1.4286,2.0203
1.7143,1.4286,-1.4286,1.7143,2.2315
2.0,1.4286,-1.4286,2.0,2.4578
-2.0,1.7143,-1.7143,-2.0,2.6342
-1.7143,1.7143,-1.7143,-1.7143,2.4244
-1.4286,1.7143,-1.7143,-1.4286,2.2315
-1.1429,1.7143,-1.7143,-1.1429,2.0603
-0.8571,1.7143,-1.7143,-0.8571,1.9166
-0.5714,1.7143,-1.7143,-0.5714,1.807
-0.2857,1.7143,-1.7143,-0.2857,1.7379
0.0,1.7143,-1.7143,0.0,1.7143
0.2857,1.7143,-1.7143,0.2857,1.7379
0.5714,1.7143,-1.7143,0.5714,1.807
0.8571,1.7143,-1.7143,0.8571,1.9166
1.1429,1.7143,-1.7143,1.1429,2.0603
1.4286,1.7143,-1.7143,1.4286,2.2315
1.7143,1.7143,-1.7143,1.7143,2.4244
2.0,1.7143,-1.7143,2.0,2.6342
-2.0,2.0,-2.0,-2.0,2.8284
-1.7143,2.0,-2.0,-1.7143,2.6342
-1.4286,2.0,-2.0,-1.4286,2.4578
-1.1429,2.0,-2.0,-1.1429,2.3035
-0.8571,2.0,-2.0,-0.8571,2.1759
-0.5714,2.0,-2.0,-0.5714,2.08
-0.2857,2.0,-2.0,-0.2857,2.0203
0.0,2.0,-2.0,0.0,2.0
0.2857,2.0,-2.0,0.2857,2.0203
0.5714,2.0,-2.0,0.5714,2.08
0.8571,2.0,-2.0,0.8571,2.1759
1.1429,2.0,-2.0,1.1429,2.3035
1.4286,2.0,-2.0,1.4286,2.4578
1.7143,2.0,-2.0,1.7143,2.6342
2.0,2.0,-2.0,2.0,2.8284
