时间(h),温度(℃),湿度(%),气压(kPa),电压(V),温度误差
0.0,16.631,72.58,101.3347,0.00751,0.25
0.1,16.619,70.06,101.2853,0.70254,0.25
0.201,16.085,71.65,101.4243,1.31879,0.25
0.301,17.695,70.764,101.6326,1.9025,0.25
0.402,17.005,71.824,101.7572,2.34366,0.25
0.502,17.383,70.618,101.6848,2.73358,0.25
0.603,17.234,70.328,101.8277,2.96558,0.25
0.703,17.061,70.24,101.5834,3.07913,0.25
0.803,17.543,68.729,101.726,3.02508,0.25
0.904,16.91,69.563,102.0625,2.80649,0.25
1.004,17.617,67.453,101.9383,2.56299,0.25
1.105,17.792,68.668,102.1386,2.11124,0.25
1.205,17.516,66.994,102.0971,1.69441,0.25
1.305,17.624,68.301,102.3336,1.12998,0.25
1.406,18.133,67.317,102.2879,0.56642,0.25
1.506,18.257,67.713,102.3968,-0.08328,0.25
1.607,17.945,67.539,102.2989,-0.61188,0.25
1.707,17.994,66.769,102.2799,-1.15903,0.25
1.808,19.004,67.914,102.4065,-1.61423,0.25
1.908,18.738,65.164,102.3991,-2.01507,0.25
2.008,18.748,66.249,102.5741,-2.28255,0.25
2.109,18.582,66.414,102.5738,-2.4873,0.25
2.209,18.788,66.382,102.6818,-2.59657,0.25
2.31,19.008,64.873,102.5035,-2.512,0.25
2.41,19.148,62.439,102.7028,-2.38451,0.25
2.51,19.286,64.462,102.7332,-2.12381,0.25
2.611,20.087,63.384,102.7853,-1.80606,0.25
2.711,19.862,62.979,102.7858,-1.37876,0.25
2.812,19.51,63.541,102.6306,-0.89222,0.25
2.912,20.129,62.175,102.7954,-0.43518,0.25
3.013,19.674,61.4,102.7531,0.08587,0.25
3.113,20.098,61.196,102.6294,0.56165,0.25
3.213,20.369,61.437,102.812,1.01786,0.25
3.314,20.839,59.495,102.7567,1.40312,0.25
3.414,20.46,59.136,102.9862,1.72834,0.25
3.515,20.903,59.247,102.7001,1.95029,0.25
3.615,21.105,59.231,102.7636,2.12893,0.25
3.715,20.863,59.002,102.6012,2.21097,0.25
3.816,21.285,56.928,102.6359,2.16224,0.25
3.916,21.773,58.106,102.4094,2.01534,0.25
4.017,21.707,56.588,102.6295,1.79191,0.25
4.117,21.677,57.619,102.3225,1.51429,0.25
4.218,21.959,55.557,102.3119,1.16534,0.25
4.318,22.252,55.69,102.3994,0.73646,0.25
4.418,22.136,55.981,102.3256,0.35919,0.25
4.519,22.052,55.801,102.3239,-0.06454,0.25
4.619,22.905,54.396,102.2455,-0.52089,0.25
4.72,22.789,53.805,102.1351,-0.85359,0.25
4.82,22.87,53.456,102.2484,-1.21218,0.25
4.921,23.034,52.583,102.0852,-1.51629,0.25
5.021,23.561,53.579,102.0866,-1.65504,0.25
5.121,23.458,51.599,102.0097,-1.79853,0.25
5.222,23.9,52.984,101.6383,-1.85701,0.25
5.322,24.197,51.601,101.6915,-1.84946,0.25
5.423,23.497,50.39,101.6804,-1.719,0.25
5.523,24.106,49.404,101.6986,-1.52949,0.25
5.623,24.296,49.843,101.6043,-1.26048,0.25
5.724,24.887,49.025,101.4692,-0.95301,0.25
5.824,24.587,48.3,101.2059,-0.60041,0.25
5.925,24.936,48.539,101.4085,-0.24418,0.25
6.025,24.472,47.981,101.2765,0.10202,0.25
6.126,24.963,47.229,101.1767,0.44608,0.25
6.226,25.093,46.371,101.204,0.77398,0.25
6.326,25.326,46.326,101.1189,1.03059,0.25
6.427,25.047,46.108,100.8369,1.27397,0.25
6.527,25.252,45.49,100.9455,1.39011,0.25
6.628,25.411,45.079,100.8366,1.54404,0.25
6.728,25.504,44.573,100.5066,1.57308,0.25
6.828,25.88,44.285,100.6869,1.50203,0.25
6.929,25.95,45.917,100.6946,1.41528,0.25
7.029,26.188,44.661,100.7543,1.21589,0.25
7.13,26.448,42.657,100.6486,1.05501,0.25
7.23,25.765,43.288,100.5535,0.80594,0.25
7.331,26.315,43.651,100.3759,0.49963,0.25
7.431,26.534,41.904,100.4159,0.1854,0.25
7.531,26.438,43.025,100.6452,-0.0825,0.25
7.632,26.149,41.385,100.1103,-0.37496,0.25
7.732,26.546,42.099,100.2583,-0.67003,0.25
7.833,26.553,41.264,100.1533,-0.88964,0.25
7.933,27.041,40.73,100.1959,-1.10756,0.25
8.033,26.428,41.199,99.9543,-1.17501,0.25
8.134,27.243,40.787,100.0709,-1.29365,0.25
8.234,27.019,38.89,99.729,-1.29223,0.25
8.335,27.134,40.352,100.0159,-1.28518,0.25
8.435,27.523,40.518,99.7644,-1.18508,0.25
8.536,27.416,39.152,99.9997,-1.0696,0.25
8.636,27.762,37.883,99.922,-0.90523,0.25
8.736,27.183,38.002,99.9817,-0.64259,0.25
8.837,27.336,39.179,99.9173,-0.42906,0.25
8.937,27.742,38.529,99.8693,-0.15887,0.25
9.038,27.825,39.27,99.8808,0.09852,0.25
9.138,27.751,38.932,100.0487,0.33895,0.25
9.238,27.758,38.617,99.9416,0.57077,0.25
9.339,27.642,38.308,99.8612,0.77939,0.25
9.439,28.059,37.933,99.98,0.92828,0.25
9.54,28.128,36.396,99.9689,1.02735,0.25
9.64,27.525,37.473,100.0141,1.15469,0.25
9.741,27.765,37.725,100.0714,1.13629,0.25
9.841,28.08,37.365,100.4011,1.0703,0.25
9.941,27.755,37.693,99.8472,0.98996,0.25
10.042,28.035,38.652,100.0519,0.88788,0.25
10.142,27.857,35.98,100.1887,0.71232,0.25
10.243,28.383,38.247,100.1829,0.58641,0.25
10.343,27.981,37.534,100.1188,0.32765,0.25
10.444,28.457,37.027,100.3602,0.13075,0.25
10.544,28.031,37.261,100.1743,-0.10491,0.25
10.644,28.142,38.001,100.559,-0.32278,0.25
10.745,27.972,37.518,100.5778,-0.51023,0.25
10.845,28.085,37.629,100.321,-0.6366,0.25
10.946,28.116,36.803,100.4857,-0.80161,0.25
11.046,27.634,37.826,100.5094,-0.90988,0.25
11.146,27.994,37.911,100.8197,-0.93661,0.25
11.247,27.76,37.47,100.7045,-0.97241,0.25
11.347,27.135,37.385,100.8194,-0.89691,0.25
11.448,27.642,37.341,100.7705,-0.86733,0.25
11.548,27.28,36.332,101.0349,-0.74504,0.25
11.649,27.627,36.57,100.9764,-0.60778,0.25
11.749,27.219,37.975,101.2223,-0.44719,0.25
11.849,27.532,38.543,101.3537,-0.26647,0.25
11.95,27.376,38.577,101.103,-0.11063,0.25
12.05,27.209,38.558,101.213,0.07587,0.25
12.151,27.36,37.346,101.2962,0.29176,0.25
12.251,27.057,39.652,101.6322,0.3961,0.25
12.351,27.193,39.625,101.5161,0.55331,0.25
12.452,26.601,40.462,101.5886,0.66477,0.25
12.552,26.921,40.356,101.9161,0.72071,0.25
12.653,26.993,40.153,101.7503,0.802,0.25
12.753,26.705,39.654,101.9017,0.78171,0.25
12.854,26.491,39.305,101.9152,0.79701,0.25
12.954,26.53,41.904,102.0824,0.74043,0.25
13.054,26.565,40.649,102.0876,0.59543,0.25
13.155,26.365,41.596,102.1576,0.47918,0.25
13.255,25.965,41.696,102.0439,0.36606,0.25
13.356,25.704,42.55,102.3391,0.2478,0.25
13.456,25.89,42.52,102.3004,0.0782,0.25
13.556,25.49,42.423,102.5606,-0.07171,0.25
13.657,25.675,42.569,102.6204,-0.26909,0.25
13.757,26.024,43.774,102.646,-0.3659,0.25
13.858,25.328,42.863,102.425,-0.48958,0.25
13.958,25.341,43.326,102.6452,-0.56341,0.25
14.059,25.166,44.019,102.2053,-0.6,0.25
14.159,24.992,45.26,102.358,-0.68147,0.25
14.259,24.732,44.461,102.6403,-0.68568,0.25
14.36,25.47,45.798,102.5181,-0.64325,0.25
14.46,24.58,45.95,102.7242,-0.6129,0.25
14.561,24.658,46.067,102.7864,-0.51869,0.25
14.661,24.056,46.718,102.6205,-0.44324,0.25
14.762,24.409,46.472,102.821,-0.31944,0.25
14.862,24.166,47.955,102.6998,-0.17218,0.25
14.962,23.726,49.576,102.6958,-0.05259,0.25
15.063,23.368,47.825,102.9133,0.08628,0.25
15.163,23.144,48.84,102.7082,0.18675,0.25
15.264,23.487,48.853,102.8128,0.31872,0.25
15.364,23.29,50.071,102.5788,0.42404,0.25
15.464,23.256,49.706,102.8847,0.4954,0.25
15.565,23.085,50.903,102.501,0.53388,0.25
15.665,22.806,51.998,102.7396,0.55689,0.25
15.766,22.812,51.675,102.5907,0.53424,0.25
15.866,22.059,51.67,102.6114,0.51482,0.25
15.967,22.266,51.558,102.7807,0.51942,0.25
16.067,21.866,52.527,102.3688,0.40131,0.25
16.167,22.573,53.672,102.4079,0.37782,0.25
16.268,22.05,55.178,102.2753,0.29135,0.25
16.368,21.665,54.33,102.454,0.1196,0.25
16.469,21.433,53.635,102.4396,0.05091,0.25
16.569,21.658,56.032,102.3251,-0.08427,0.25
16.669,21.011,55.508,102.3003,-0.15712,0.25
16.77,21.109,56.244,102.0369,-0.31616,0.25
16.87,21.216,55.903,102.1039,-0.35971,0.25
16.971,20.882,57.501,101.8569,-0.4062,0.25
17.071,20.422,55.873,102.0808,-0.49945,0.25
17.172,20.537,60.175,101.9017,-0.50177,0.25
17.272,20.373,56.752,101.76,-0.49468,0.25
17.372,19.799,59.701,101.8758,-0.43652,0.25
17.473,20.455,59.313,101.5252,-0.40491,0.25
17.573,19.438,60.888,101.8278,-0.37603,0.25
17.674,19.565,61.008,101.4208,-0.29948,0.25
17.774,19.637,63.39,101.5484,-0.19191,0.25
17.874,19.259,60.225,101.3001,-0.13252,0.25
17.975,19.298,62.02,101.3238,-0.01149,0.25
18.075,19.067,61.852,101.2522,0.0802,0.25
18.176,19.317,61.515,101.1455,0.15769,0.25
18.276,18.953,63.028,101.1723,0.2603,0.25
18.377,18.987,64.111,101.0759,0.29671,0.25
18.477,18.782,64.865,101.0095,0.37095,0.25
18.577,18.859,63.567,100.8798,0.37744,0.25
18.678,18.31,64.929,100.9464,0.39941,0.25
18.778,18.297,65.677,100.6079,0.42234,0.25
18.879,18.244,65.654,100.8452,0.3623,0.25
18.979,17.964,65.584,100.7203,0.34718,0.25
19.079,17.698,66.045,100.5597,0.3283,0.25
19.18,17.742,66.413,100.5363,0.22336,0.25
19.28,17.933,67.795,100.3173,0.12639,0.25
19.381,17.821,66.892,100.4013,0.1036,0.25
19.481,17.539,67.351,100.4861,-0.01377,0.25
19.582,17.392,68.766,100.2578,-0.06749,0.25
19.682,17.027,68.033,100.2945,-0.10307,0.25
19.782,17.357,69.099,100.1658,-0.20314,0.25
19.883,17.137,68.713,100.0944,-0.24753,0.25
19.983,17.5,68.864,100.1157,-0.29108,0.25
20.084,16.972,69.665,99.8135,-0.30794,0.25
20.184,16.682,69.17,100.0622,-0.35009,0.25
20.285,16.664,69.054,100.0418,-0.35322,0.25
20.385,16.41,69.114,100.0046,-0.31677,0.25
20.485,16.741,70.461,99.6907,-0.33792,0.25
20.586,16.457,71.835,99.9647,-0.2368,0.25
20.686,16.403,71.443,99.9113,-0.21604,0.25
20.787,15.991,69.732,99.9955,-0.17725,0.25
20.887,16.237,72.382,99.9603,-0.09268,0.25
20.987,16.589,70.868,99.8755,-0.0349,0.25
21.088,15.768,72.12,99.6832,0.06128,0.25
21.188,16.029,71.828,99.9053,0.15375,0.25
21.289,16.238,71.399,99.9214,0.19166,0.25
21.389,15.786,72.976,99.9692,0.19955,0.25
21.49,15.915,72.701,99.883,0.22169,0.25
21.59,16.373,71.843,99.9023,0.31669,0.25
21.69,16.175,72.287,100.2041,0.26937,0.25
21.791,15.787,72.728,100.077,0.29363,0.25
21.891,15.976,72.478,100.0839,0.24166,0.25
21.992,16.236,73.835,100.067,0.2821,0.25
22.092,15.806,72.253,100.0401,0.1866,0.25
22.192,15.798,72.896,100.2519,0.18075,0.25
22.293,15.7,73.786,99.9261,0.15526,0.25
22.393,15.991,74.753,100.419,0.0096,0.25
22.494,15.846,73.496,100.4464,-0.01127,0.25
22.594,16.366,74.348,100.4886,-0.0265,0.25
22.695,16.003,71.992,100.4792,-0.08397,0.25
22.795,16.104,73.161,100.4813,-0.16323,0.25
22.895,16.375,72.844,100.6282,-0.1989,0.25
22.996,16.182,71.892,100.5904,-0.25333,0.25
23.096,16.69,72.154,100.5114,-0.21442,0.25
23.197,16.02,72.797,100.7315,-0.25961,0.25
23.297,15.902,73.351,100.9514,-0.21371,0.25
23.397,16.263,72.383,100.7824,-0.25523,0.25
23.498,16.009,72.167,100.8168,-0.20242,0.25
23.598,16.536,71.85,101.1135,-0.13129,0.25
23.699,16.284,73.361,101.0491,-0.12989,0.25
23.799,16.644,71.428,101.2414,-0.10137,0.25
23.9,16.707,71.991,101.3452,-0.04814,0.25
24.0,16.225,71.705,101.4049,-0.01099,0.25
