班级,语文,数学,英语,学号
一班,97.2,96.2,87.0,1-01
一班,78.6,80.7,94.9,1-02
一班,93.6,78.0,77.5,1-03
一班,90.0,84.5,84.8,1-04
一班,87.8,100.0,83.8,1-05
一班,84.6,100.0,76.0,1-06
一班,80.3,71.4,70.5,1-07
一班,69.0,87.4,93.8,1-08
一班,86.1,80.3,78.4,1-09
一班,92.1,100.0,69.0,1-10
一班,86.7,92.2,92.1,1-11
一班,79.7,91.3,93.3,1-12
一班,81.8,97.1,99.7,1-13
一班,87.4,87.1,84.9,1-14
一班,100.0,93.9,78.8,1-15
一班,94.5,100.0,93.1,1-16
一班,89.4,97.1,74.1,1-17
一班,74.1,95.1,73.6,1-18
一班,79.5,85.3,82.8,1-19
一班,85.0,100.0,85.5,1-20
一班,84.3,90.7,99.5,1-21
一班,99.9,99.3,93.5,1-22
一班,97.9,100.0,86.5,1-23
一班,85.0,96.6,88.3,1-24
一班,91.9,100.0,99.8,1-25
一班,78.9,98.2,92.5,1-26
一班,98.3,100.0,82.4,1-27
一班,87.8,87.4,74.1,1-28
二班,81.2,100.0,86.0,2-01
二班,84.6,100.0,98.5,2-02
二班,83.6,88.6,87.9,2-03
二班,84.4,91.0,84.8,2-04
二班,91.2,88.8,85.8,2-05
二班,81.2,82.1,100.0,2-06
二班,89.4,94.9,96.3,2-07
二班,72.6,100.0,86.5,2-08
二班,73.3,89.5,95.6,2-09
二班,65.5,87.9,72.5,2-10
二班,89.9,93.3,96.0,2-11
二班,99.7,91.3,89.6,2-12
二班,85.0,87.0,71.8,2-13
二班,92.8,79.6,90.5,2-14
二班,89.1,100.0,90.8,2-15
二班,94.4,81.1,87.1,2-16
二班,100.0,77.8,96.8,2-17
二班,80.1,98.8,83.2,2-18
二班,85.0,83.4,81.8,2-19
二班,85.7,84.5,81.4,2-20
二班,85.7,89.5,81.0,2-21
二班,76.4,87.4,75.8,2-22
二班,90.6,100.0,83.3,2-23
二班,83.4,86.0,68.6,2-24
二班,93.5,92.2,100.0,2-25
二班,85.2,76.0,100.0,2-26
二班,78.1,88.4,95.1,2-27
二班,83.9,70.4,95.3,2-28
二班,74.7,75.9,89.7,2-29
二班,78.7,87.3,83.8,2-30
二班,76.4,88.7,93.0,2-31
三班,81.3,88.6,78.0,3-01
三班,88.2,80.9,73.6,3-02
三班,95.5,74.2,70.5,3-03
三班,94.2,98.1,91.0,3-04
三班,73.0,83.8,90.0,3-05
三班,74.5,92.2,94.8,3-06
三班,71.5,82.9,90.8,3-07
三班,76.5,99.7,92.0,3-08
三班,80.4,90.7,87.1,3-09
三班,86.5,89.6,75.3,3-10
三班,83.0,88.8,100.0,3-11
三班,92.3,67.2,78.9,3-12
三班,78.3,78.0,86.4,3-13
三班,79.2,94.4,92.4,3-14
三班,93.1,77.0,95.6,3-15
三班,90.6,97.1,80.6,3-16
三班,75.5,65.0,82.1,3-17
三班,90.1,100.0,78.7,3-18
三班,83.1,100.0,95.9,3-19
三班,86.1,83.6,90.2,3-20
三班,78.0,86.7,72.4,3-21
三班,100.0,82.7,72.3,3-22
三班,80.1,74.0,74.5,3-23
三班,81.7,82.6,87.6,3-24
三班,90.0,92.0,84.3,3-25
三班,85.2,84.2,81.0,3-26
三班,89.0,82.8,92.1,3-27
三班,84.5,99.8,88.9,3-28
三班,80.5,68.8,77.2,3-29
三班,75.1,78.9,85.5,3-30
三班,84.1,87.7,87.1,3-31
三班,66.2,93.3,89.5,3-32
三班,86.6,93.9,82.2,3-33
三班,72.3,83.4,76.9,3-34
四班,89.8,74.4,86.5,4-01
四班,82.0,72.0,98.1,4-02
四班,79.1,74.4,89.1,4-03
四班,73.0,67.7,84.2,4-04
四班,70.4,78.1,93.7,4-05
四班,88.4,95.7,91.6,4-06
四班,91.3,74.9,77.0,4-07
四班,79.9,88.5,92.9,4-08
四班,74.9,77.6,92.7,4-09
四班,83.1,86.6,78.9,4-10
四班,68.7,78.5,82.3,4-11
四班,77.5,77.6,81.3,4-12
四班,92.2,74.8,90.0,4-13
四班,83.4,82.1,92.2,4-14
四班,82.7,73.0,95.7,4-15
四班,76.8,77.7,97.1,4-16
四班,72.4,85.2,89.7,4-17
四班,71.4,70.6,85.7,4-18
四班,80.2,93.4,80.6,4-19
四班,85.2,74.1,89.3,4-20
四班,83.3,76.5,82.8,4-21
四班,79.4,74.8,100.0,4-22
四班,75.3,81.5,88.6,4-23
四班,71.2,82.3,95.9,4-24
四班,85.0,93.3,78.3,4-25
四班,86.1,84.6,83.6,4-26
四班,72.3,96.9,79.9,4-27
四班,75.6,86.5,76.7,4-28
四班,74.9,84.9,92.6,4-29
四班,76.3,80.7,95.5,4-30
四班,76.3,82.0,91.0,4-31
四班,75.6,100.0,83.7,4-32
四班,83.1,59.9,90.1,4-33
四班,77.9,87.5,87.8,4-34
四班,84.1,74.4,88.9,4-35
四班,77.1,87.0,81.1,4-36
四班,89.3,82.4,94.6,4-37
