t,ζ=0.05,ζ=0.15,ζ=0.3
0.0,1.0,1.0,1.0
0.0501,0.990017,0.98024,0.965939
0.1003,0.970241,0.951369,0.924452
0.1504,0.940969,0.913942,0.876377
0.2005,0.902586,0.868583,0.822569
0.2506,0.855568,0.815975,0.763884
0.3008,0.800471,0.756854,0.701181
0.3509,0.737925,0.691998,0.635305
0.401,0.668631,0.622218,0.567083
0.4511,0.593346,0.54835,0.497317
0.5013,0.512884,0.471247,0.426777
0.5514,0.428101,0.391766,0.356196
0.6015,0.339885,0.310764,0.286264
0.6516,0.249154,0.229088,0.217624
0.7018,0.156838,0.147566,0.15087
0.7519,0.063875,0.066999,0.086543
0.802,-0.028798,-0.011844,0.025128
0.8521,-0.120259,-0.088233,-0.032947
0.9023,-0.209606,-0.161487,-0.087311
0.9524,-0.295967,-0.230972,-0.13765
1.0025,-0.37851,-0.296115,-0.183709
1.0526,-0.456448,-0.356397,-0.225289
1.1028,-0.529047,-0.411369,-0.262246
1.1529,-0.595636,-0.460642,-0.29449
1.203,-0.65561,-0.503899,-0.321981
1.2531,-0.708435,-0.540889,-0.344729
1.3033,-0.753654,-0.571433,-0.36279
1.3534,-0.790893,-0.595419,-0.376261
1.4035,-0.819857,-0.612804,-0.385279
1.4536,-0.840341,-0.623613,-0.390015
1.5038,-0.852224,-0.627932,-0.390674
1.5539,-0.855474,-0.625911,-0.387487
1.604,-0.850144,-0.617759,-0.38071
1.6541,-0.836372,-0.603737,-0.370618
1.7043,-0.814381,-0.584158,-0.357503
1.7544,-0.784473,-0.559381,-0.34167
1.8045,-0.747024,-0.529804,-0.323431
1.8546,-0.702486,-0.495863,-0.303105
1.9048,-0.651372,-0.458022,-0.281011
1.9549,-0.594261,-0.416771,-0.257469
2.005,-0.531781,-0.372619,-0.232792
2.0551,-0.464611,-0.32609,-0.207286
2.1053,-0.393469,-0.277713,-0.181249
2.1554,-0.319105,-0.228023,-0.154966
2.2055,-0.242295,-0.177549,-0.128707
2.2556,-0.16383,-0.126814,-0.102727
2.3058,-0.08451,-0.076327,-0.077262
2.3559,-0.005138,-0.026582,-0.05253
2.406,0.073494,0.021953,-0.028731
2.4561,0.150608,0.068833,-0.006041
2.5063,0.225447,0.113642,0.015384
2.5564,0.297287,0.156,0.035408
2.6065,0.365441,0.19556,0.053918
2.6566,0.429263,0.232013,0.070822
2.7068,0.488159,0.265091,0.086048
2.7569,0.541591,0.294567,0.099548
2.807,0.589078,0.320256,0.111289
2.8571,0.630206,0.342015,0.12126
2.9073,0.664626,0.359746,0.129467
2.9574,0.692063,0.373394,0.135934
3.0075,0.712311,0.382943,0.140698
3.0576,0.72524,0.388421,0.143813
3.1078,0.730794,0.389895,0.145344
3.1579,0.72899,0.387467,0.14537
3.208,0.719921,0.381279,0.143977
3.2581,0.703749,0.371503,0.141262
3.3083,0.680707,0.358341,0.13733
3.3584,0.651093,0.342024,0.132288
3.4085,0.615269,0.322808,0.126252
3.4586,0.573655,0.300967,0.119337
3.5088,0.526725,0.276796,0.111663
3.5589,0.474999,0.250603,0.103349
3.609,0.419044,0.222707,0.094513
3.6591,0.35946,0.193435,0.085272
3.7093,0.296878,0.163116,0.075739
3.7594,0.231955,0.132082,0.066024
3.8095,0.165362,0.100661,0.056233
3.8596,0.09778,0.069175,0.046466
3.9098,0.029896,0.037938,0.036816
3.9599,-0.03761,0.00725,0.027371
4.01,-0.104067,-0.022599,0.01821
4.0602,-0.16882,-0.051341,0.009407
4.1103,-0.231242,-0.078724,0.001025
4.1604,-0.29073,-0.104516,-0.006877
4.2105,-0.34672,-0.12851,-0.01425
4.2607,-0.398687,-0.150523,-0.021055
4.3108,-0.446152,-0.170394,-0.027256
4.3609,-0.488686,-0.18799,-0.032831
4.411,-0.525913,-0.203206,-0.03776
4.4612,-0.557514,-0.215961,-0.042033
4.5113,-0.583229,-0.226201,-0.045647
4.5614,-0.60286,-0.233901,-0.048605
4.6115,-0.616272,-0.239058,-0.050917
4.6617,-0.623393,-0.241698,-0.052597
4.7118,-0.624214,-0.241869,-0.053667
4.7619,-0.618789,-0.239642,-0.054152
4.812,-0.607237,-0.23511,-0.05408
4.8622,-0.589732,-0.228387,-0.053486
4.9123,-0.566509,-0.219604,-0.052405
4.9624,-0.537858,-0.208909,-0.050876
5.0125,-0.504118,-0.196464,-0.048941
5.0627,-0.465678,-0.182444,-0.046642
5.1128,-0.422969,-0.167035,-0.044022
5.1629,-0.376459,-0.15043,-0.041126
5.213,-0.326652,-0.132829,-0.037999
5.2632,-0.274078,-0.114435,-0.034684
5.3133,-0.21929,-0.095454,-0.031224
5.3634,-0.162858,-0.076092,-0.027662
5.4135,-0.105361,-0.05655,-0.024038
5.4637,-0.047385,-0.037028,-0.020392
5.5138,0.010486,-0.017718,-0.01676
5.5639,0.067676,0.001195,-0.013176
5.614,0.123618,0.019536,-0.009674
5.6642,0.177767,0.037141,-0.006281
5.7143,0.2296,0.053856,-0.003025
5.7644,0.278622,0.069544,7e-05
5.8145,0.324371,0.084078,0.002984
5.8647,0.366423,0.09735,0.005698
5.9148,0.404394,0.109267,0.008199
5.9649,0.437946,0.119749,0.010474
6.015,0.466787,0.128736,0.012513
6.0652,0.490677,0.136183,0.014312
6.1153,0.509426,0.142062,0.015867
6.1654,0.522898,0.146362,0.017176
6.2155,0.53101,0.149087,0.018241
6.2657,0.533736,0.150256,0.019066
6.3158,0.531103,0.149904,0.019657
6.3659,0.523188,0.14808,0.020022
6.416,0.510126,0.144845,0.020171
6.4662,0.492096,0.140273,0.020114
6.5163,0.46933,0.134448,0.019865
6.5664,0.442101,0.127467,0.019437
6.6165,0.410727,0.119431,0.018844
6.6667,0.375562,0.110452,0.018102
6.7168,0.336995,0.100646,0.017227
6.7669,0.295445,0.090135,0.016236
6.817,0.251359,0.079044,0.015143
6.8672,0.2052,0.067499,0.013968
6.9173,0.157452,0.055629,0.012724
6.9674,0.108606,0.043561,0.011429
7.0175,0.059163,0.031419,0.010099
7.0677,0.009622,0.019325,0.008747
7.1178,-0.039521,0.007399,0.00739
7.1679,-0.087779,-0.004246,0.006039
7.218,-0.134679,-0.015505,0.004709
7.2682,-0.179765,-0.026277,0.00341
7.3183,-0.222605,-0.03647,0.002154
7.3684,-0.262794,-0.046,0.00095
7.4185,-0.299956,-0.054793,-0.000193
7.4687,-0.333751,-0.062783,-0.001267
7.5188,-0.363873,-0.069915,-0.002266
7.5689,-0.39006,-0.076144,-0.003185
7.619,-0.412088,-0.081436,-0.004019
7.6692,-0.429778,-0.085765,-0.004765
7.7193,-0.442998,-0.089118,-0.005421
7.7694,-0.45166,-0.091489,-0.005986
7.8195,-0.455723,-0.092886,-0.00646
7.8697,-0.455192,-0.093322,-0.006843
7.9198,-0.450118,-0.092822,-0.007137
7.9699,-0.440597,-0.091419,-0.007344
8.0201,-0.426769,-0.089152,-0.007468
8.0702,-0.408815,-0.086072,-0.007512
8.1203,-0.386955,-0.08223,-0.00748
8.1704,-0.361447,-0.07769,-0.007377
8.2206,-0.332582,-0.072515,-0.007208
8.2707,-0.300682,-0.066776,-0.006978
8.3208,-0.266095,-0.060547,-0.006694
8.3709,-0.229195,-0.053903,-0.006362
8.4211,-0.190373,-0.046923,-0.005986
8.4712,-0.150037,-0.039686,-0.005575
8.5213,-0.108603,-0.03227,-0.005133
8.5714,-0.066498,-0.024755,-0.004667
8.6216,-0.024148,-0.017218,-0.004182
8.6717,0.018021,-0.009733,-0.003685
8.7218,0.059589,-0.002374,-0.003181
8.7719,0.100147,0.00479,-0.002676
8.8221,0.1393,0.011695,-0.002174
8.8722,0.17667,0.018279,-0.00168
8.9223,0.211903,0.024488,-0.001199
8.9724,0.244666,0.03027,-0.000734
9.0226,0.274659,0.035582,-0.000289
9.0727,0.301607,0.040384,0.000133
9.1228,0.325274,0.044644,0.000529
9.1729,0.345454,0.048337,0.000897
9.2231,0.361982,0.051442,0.001234
9.2732,0.374728,0.053946,0.00154
9.3233,0.383602,0.055843,0.001813
9.3734,0.388555,0.05713,0.002052
9.4236,0.389577,0.057815,0.002257
9.4737,0.386696,0.057907,0.002429
9.5238,0.37998,0.057424,0.002566
9.5739,0.369534,0.056387,0.002671
9.6241,0.3555,0.054823,0.002743
9.6742,0.338054,0.052763,0.002785
9.7243,0.317405,0.050242,0.002797
9.7744,0.29379,0.047298,0.002781
9.8246,0.267475,0.043974,0.002739
9.8747,0.23875,0.040314,0.002672
9.9248,0.207926,0.036363,0.002584
9.9749,0.175333,0.032169,0.002475
10.0251,0.141312,0.027782,0.002349
10.0752,0.106219,0.02325,0.002207
10.1253,0.070415,0.018621,0.002052
10.1754,0.034264,0.013946,0.001886
10.2256,-0.001869,0.009272,0.001711
10.2757,-0.037622,0.004644,0.00153
10.3258,-0.072643,0.000107,0.001344
10.3759,-0.106589,-0.004296,0.001156
10.4261,-0.139131,-0.008526,0.000968
10.4762,-0.169958,-0.012547,0.000782
10.5263,-0.19878,-0.016324,0.000598
10.5764,-0.225328,-0.019828,0.00042
10.6266,-0.24936,-0.023033,0.000248
10.6767,-0.270661,-0.025914,8.3e-05
10.7268,-0.289045,-0.028453,-7.2e-05
10.7769,-0.304357,-0.030636,-0.000218
10.8271,-0.316476,-0.032451,-0.000353
10.8772,-0.325311,-0.033892,-0.000477
10.9273,-0.330809,-0.034954,-0.000589
10.9774,-0.332946,-0.035639,-0.000689
11.0276,-0.331735,-0.035952,-0.000776
11.0777,-0.327221,-0.035899,-0.000851
11.1278,-0.319483,-0.035493,-0.000913
11.1779,-0.308631,-0.034748,-0.000962
11.2281,-0.294802,-0.033681,-0.000999
11.2782,-0.278166,-0.032312,-0.001024
11.3283,-0.258917,-0.030665,-0.001038
11.3784,-0.237273,-0.028763,-0.001041
11.4286,-0.213474,-0.026632,-0.001034
11.4787,-0.187779,-0.024302,-0.001017
11.5288,-0.160465,-0.0218,-0.00099
11.5789,-0.131819,-0.019156,-0.000956
11.6291,-0.102142,-0.016402,-0.000915
11.6792,-0.071741,-0.013566,-0.000867
11.7293,-0.040926,-0.010681,-0.000813
11.7794,-0.01001,-0.007775,-0.000755
11.8296,0.020698,-0.004879,-0.000693
11.8797,0.050893,-0.00202,-0.000627
11.9298,0.080278,0.000774,-0.000559
11.9799,0.108568,0.003478,-0.00049
12.0301,0.135491,0.006067,-0.00042
12.0802,0.160792,0.00852,-0.00035
12.1303,0.184234,0.010816,-0.000281
12.1805,0.205601,0.012936,-0.000213
12.2306,0.2247,0.014866,-0.000147
12.2807,0.241365,0.016591,-8.3e-05
12.3308,0.255451,0.018102,-2.2e-05
12.381,0.266844,0.019388,3.5e-05
12.4311,0.275458,0.020445,8.9e-05
12.4812,0.281233,0.021268,0.000139
12.5313,0.284141,0.021856,0.000184
12.5815,0.28418,0.022211,0.000225
12.6316,0.28138,0.022335,0.000262
12.6817,0.275797,0.022235,0.000293
12.7318,0.267513,0.021918,0.000321
12.782,0.256639,0.021393,0.000343
12.8321,0.24331,0.020672,0.000361
12.8822,0.227682,0.019768,0.000374
12.9323,0.209935,0.018696,0.000382
12.9825,0.190268,0.01747,0.000387
13.0326,0.168896,0.016108,0.000387
13.0827,0.146049,0.014626,0.000384
13.1328,0.121971,0.013044,0.000377
13.183,0.096915,0.01138,0.000367
13.2331,0.07114,0.009653,0.000354
13.2832,0.044912,0.007881,0.000338
13.3333,0.018496,0.006083,0.00032
13.3835,-0.007841,0.004279,0.0003
13.4336,-0.033837,0.002486,0.000278
13.4837,-0.059235,0.000722,0.000254
13.5338,-0.083789,-0.000998,0.00023
13.584,-0.10726,-0.002656,0.000204
13.6341,-0.129425,-0.00424,0.000179
13.6842,-0.150076,-0.005734,0.000152
13.7343,-0.169022,-0.007127,0.000126
13.7845,-0.18609,-0.008409,0.000101
13.8346,-0.201128,-0.009569,7.5e-05
13.8847,-0.214007,-0.010601,5.1e-05
13.9348,-0.224618,-0.011497,2.7e-05
13.985,-0.23288,-0.012252,5e-06
14.0351,-0.238733,-0.012864,-1.6e-05
14.0852,-0.242141,-0.013331,-3.6e-05
14.1353,-0.243097,-0.013652,-5.4e-05
14.1855,-0.241614,-0.013828,-7.1e-05
14.2356,-0.237731,-0.013863,-8.6e-05
14.2857,-0.231512,-0.013759,-9.9e-05
14.3358,-0.223042,-0.013522,-0.000111
14.386,-0.212428,-0.013159,-0.000121
14.4361,-0.199797,-0.012676,-0.000129
14.4862,-0.185296,-0.012082,-0.000135
14.5363,-0.169088,-0.011386,-0.00014
14.5865,-0.151353,-0.010598,-0.000143
14.6366,-0.132282,-0.009728,-0.000144
14.6867,-0.112079,-0.008789,-0.000144
14.7368,-0.090958,-0.00779,-0.000143
14.787,-0.06914,-0.006743,-0.00014
14.8371,-0.046847,-0.005661,-0.000136
14.8872,-0.02431,-0.004555,-0.000131
14.9373,-0.001754,-0.003436,-0.000125
14.9875,0.020595,-0.002317,-0.000118
15.0376,0.042515,-0.001208,-0.00011
15.0877,0.063791,-0.00012,-0.000102
15.1378,0.084218,0.000937,-9.3e-05
15.188,0.103599,0.001953,-8.4e-05
15.2381,0.121752,0.00292,-7.5e-05
15.2882,0.138508,0.00383,-6.5e-05
15.3383,0.153712,0.004675,-5.5e-05
15.3885,0.167229,0.005448,-4.6e-05
15.4386,0.17894,0.006145,-3.6e-05
15.4887,0.188746,0.00676,-2.7e-05
15.5388,0.196569,0.00729,-1.8e-05
15.589,0.20235,0.007732,-9e-06
15.6391,0.206051,0.008085,-1e-06
15.6892,0.207657,0.008347,7e-06
15.7393,0.207171,0.008519,1.4e-05
15.7895,0.204621,0.008601,2.1e-05
15.8396,0.200052,0.008596,2.7e-05
15.8897,0.193529,0.008506,3.3e-05
15.9398,0.185137,0.008335,3.8e-05
15.99,0.17498,0.008086,4.2e-05
16.0401,0.163175,0.007765,4.5e-05
16.0902,0.149858,0.007376,4.8e-05
16.1404,0.135177,0.006926,5.1e-05
16.1905,0.119291,0.006421,5.2e-05
16.2406,0.102372,0.005867,5.3e-05
16.2907,0.084598,0.005272,5.4e-05
16.3409,0.066157,0.004642,5.4e-05
16.391,0.047239,0.003984,5.3e-05
16.4411,0.028037,0.003307,5.2e-05
16.4912,0.008747,0.002617,5e-05
16.5414,-0.010438,0.001922,4.8e-05
16.5915,-0.029328,0.001228,4.6e-05
16.6416,-0.047736,0.000543,4.4e-05
16.6917,-0.065484,-0.000127,4.1e-05
16.7419,-0.0824,-0.000777,3.8e-05
16.792,-0.098324,-0.001399,3.4e-05
16.8421,-0.113107,-0.001989,3.1e-05
16.8922,-0.126612,-0.002542,2.7e-05
16.9424,-0.138718,-0.003053,2.4e-05
16.9925,-0.149316,-0.003519,2e-05
17.0426,-0.158318,-0.003937,1.6e-05
17.0927,-0.165647,-0.004303,1.3e-05
17.1429,-0.171248,-0.004615,9e-06
17.193,-0.175083,-0.004873,6e-06
17.2431,-0.17713,-0.005075,3e-06
17.2932,-0.177386,-0.005221,-0.0
17.3434,-0.175868,-0.005311,-3e-06
17.3935,-0.172607,-0.005345,-6e-06
17.4436,-0.167655,-0.005326,-8e-06
17.4937,-0.161077,-0.005254,-1e-05
17.5439,-0.152955,-0.005133,-1.3e-05
17.594,-0.143385,-0.004965,-1.4e-05
17.6441,-0.132479,-0.004752,-1.6e-05
17.6942,-0.120357,-0.004499,-1.7e-05
17.7444,-0.107154,-0.004208,-1.8e-05
17.7945,-0.093012,-0.003885,-1.9e-05
17.8446,-0.078082,-0.003533,-2e-05
17.8947,-0.062521,-0.003156,-2e-05
17.9449,-0.04649,-0.002759,-2e-05
17.995,-0.030154,-0.002347,-2e-05
18.0451,-0.01368,-0.001924,-2e-05
18.0952,0.002766,-0.001494,-1.9e-05
18.1454,0.019021,-0.001062,-1.9e-05
18.1955,0.034923,-0.000633,-1.8e-05
18.2456,0.050318,-0.000209,-1.7e-05
18.2957,0.065056,0.000203,-1.6e-05
18.3459,0.078998,0.000602,-1.5e-05
18.396,0.092011,0.000982,-1.4e-05
18.4461,0.103975,0.001342,-1.3e-05
18.4962,0.114781,0.001677,-1.1e-05
18.5464,0.124332,0.001987,-1e-05
18.5965,0.132545,0.002267,-9e-06
18.6466,0.139352,0.002517,-7e-06
18.6967,0.144699,0.002734,-6e-06
18.7469,0.148547,0.002918,-5e-06
18.797,0.150873,0.003067,-3e-06
18.8471,0.151667,0.003182,-2e-06
18.8972,0.150939,0.003262,-1e-06
18.9474,0.148709,0.003307,0.0
18.9975,0.145016,0.003318,1e-06
19.0476,0.139911,0.003296,2e-06
19.0977,0.133459,0.003243,3e-06
19.1479,0.125737,0.003158,4e-06
19.198,0.116837,0.003045,5e-06
19.2481,0.106857,0.002905,5e-06
19.2982,0.09591,0.002741,6e-06
19.3484,0.084113,0.002554,6e-06
19.3985,0.071594,0.002347,7e-06
19.4486,0.058484,0.002124,7e-06
19.4987,0.044921,0.001886,7e-06
19.5489,0.031044,0.001636,7e-06
19.599,0.016996,0.001378,7e-06
19.6491,0.002918,0.001114,7e-06
19.6992,-0.011049,0.000846,7e-06
19.7494,-0.024767,0.000578,7e-06
19.7995,-0.0381,0.000312,7e-06
19.8496,-0.050919,5.1e-05,7e-06
19.8997,-0.063102,-0.000202,6e-06
19.9499,-0.074532,-0.000447,6e-06
20.0,-0.085104,-0.000679,6e-06
